time	at_risk	events	survival	se	lower	upper	module	arm
2.0	181	1	0.994475138121547	0.005509578690451936	0.9836763638882612	1.0	Basal_M1	high
7.0	179	2	0.983363684064323	0.009524881784003712	0.9646949157676756	1.0	Basal_M1	high
11.0	177	1	0.977807957035711	0.01097236820483877	0.956302115354227	0.999313798717195	Basal_M1	high
13.0	176	1	0.9722522300070989	0.012235986971923732	0.9482696955421284	0.9962347644720695	Basal_M1	high
16.0	174	1	0.9666645735128052	0.013380802621976313	0.9404382003737316	0.9928909466518788	Basal_M1	high
18.0	173	1	0.9610769170185115	0.0144230162680397	0.9328078051331536	0.9893460289038694	Basal_M1	high
20.0	172	1	0.9554892605242178	0.015383495557142935	0.9253376092322176	0.9856409118162179	Basal_M1	high
21.0	171	2	0.9443139475356305	0.017113213129613624	0.9107720498015878	0.9778558452696732	Basal_M1	high
26.0	169	1	0.9387262910413368	0.01790094004218843	0.9036404485586474	0.9738121335240261	Basal_M1	high
29.0	168	1	0.9331386345470432	0.018646079024747245	0.8965923196585386	0.9696849494355477	Basal_M1	high
35.0	166	1	0.9275173174714586	0.019362563323136406	0.8895666933581112	0.965467941584806	Basal_M1	high
36.0	165	1	0.9218960003958739	0.020044599639978643	0.8826085851015157	0.9611834156902321	Basal_M1	high
42.0	163	1	0.9162401967124637	0.020704180182402346	0.8756600035549551	0.9568203898699723	Basal_M1	high
43.0	162	2	0.9049285893456431	0.021939246549123926	0.8619276661093602	0.947929512581926	Basal_M1	high
45.0	160	2	0.8936169819788227	0.023077023449512037	0.8483860160177791	0.9388479479398663	Basal_M1	high
47.0	158	1	0.8879611782954123	0.023613870418102822	0.8416779922759308	0.9342443643148939	Basal_M1	high
60.0	157	1	0.8823053746120021	0.02413127625020337	0.8350080731616035	0.9296026760624007	Basal_M1	high
61.0	156	1	0.8766495709285919	0.02463046616106487	0.8283738572529047	0.924925284604279	Basal_M1	high
79.0	150	1	0.8708052404557346	0.02515007989011692	0.8215110838711054	0.9200993970403638	Basal_M1	high
80.0	149	1	0.8649609099828773	0.025651348560767763	0.8146842668037725	0.9152375531619822	Basal_M1	high
84.0	148	1	0.8591165795100201	0.026135327754431895	0.8078913371113335	0.9103418219087066	Basal_M1	high
94.0	147	2	0.8474279185643055	0.027055096239696524	0.7943999299345004	0.9004559071941107	Basal_M1	high
96.0	145	1	0.8415835880914483	0.02749249778396513	0.7876982924348767	0.8954688837480199	Basal_M1	high
100.0	143	1	0.8356983881747249	0.027923048092320386	0.7809692139137769	0.8904275624356728	Basal_M1	high
101.0	142	1	0.8298131882580014	0.02833981837623423	0.7742671442405823	0.8853592322754206	Basal_M1	high
103.0	141	1	0.823927988341278	0.028743408059884717	0.767590908543904	0.880265068138652	Basal_M1	high
108.0	140	1	0.8180427884245546	0.029134364909215792	0.7609394332024916	0.8751461436466176	Basal_M1	high
113.0	139	2	0.8062723885911077	0.029880347615071873	0.7477069072655669	0.8648378699166486	Basal_M1	high
137.0	137	1	0.8003871886743843	0.03023625996656034	0.741124119139926	0.8596502582088426	Basal_M1	high
138.0	135	2	0.788529600694023	0.030929006288583007	0.7279087483684004	0.8491504530196456	Basal_M1	high
139.0	133	1	0.7826008067038424	0.03125953939168549	0.7213321094961388	0.8438695039115459	Basal_M1	high
142.0	132	1	0.7766720127136617	0.031579958099047956	0.7147752948395277	0.8385687305877957	Basal_M1	high
149.0	130	2	0.764723212518067	0.032204541459325005	0.7016023112577899	0.827844113778344	Basal_M1	high
152.0	128	1	0.7587488124202696	0.03250238757972593	0.6950441327640068	0.8224534920765324	Basal_M1	high
154.0	126	1	0.7527269964486801	0.03279752848522834	0.6884438406176325	0.8170101522797277	Basal_M1	high
170.0	122	2	0.7403872096216526	0.03340038746247166	0.6749224501952081	0.8058519690480971	Basal_M1	high
174.0	118	1	0.734112741743503	0.033701529327225685	0.6680577442621407	0.8001677392248654	Basal_M1	high
176.0	117	1	0.7278382738653535	0.03399254689392841	0.6612128819532538	0.7944636657774532	Basal_M1	high
180.0	115	1	0.7215092453969592	0.03428109339888177	0.6543183023351509	0.7887001884587674	Basal_M1	high
181.0	114	1	0.7151802169285647	0.03455968159784415	0.6474432409967902	0.7829171928603392	Basal_M1	high
186.0	113	1	0.7088511884601704	0.03482855045649272	0.6405872295654447	0.7771151473548961	Basal_M1	high
187.0	112	2	0.6961931315233816	0.0353380095381217	0.626930632828663	0.7654556302181001	Basal_M1	high
191.0	110	1	0.6898641030549872	0.0355790046878241	0.620129253866852	0.7595989522431225	Basal_M1	high
210.0	108	1	0.6834764724711447	0.03581837764145482	0.6132724522938933	0.7536804926483962	Basal_M1	high
239.0	104	1	0.6769045833127684	0.03607183112177973	0.6062037943140801	0.7476053723114566	Basal_M1	high
241.0	103	1	0.670332694154392	0.03631534779450972	0.599154612477153	0.741510775831631	Basal_M1	high
242.0	102	1	0.6637608049960156	0.036549126278748234	0.5921245174896691	0.7353970925023622	Basal_M1	high
243.0	101	1	0.6571889158376393	0.03677335230012687	0.5851131453293906	0.7292646863458879	Basal_M1	high
245.0	100	1	0.6506170266792629	0.03698819958289786	0.5781201554967831	0.7231138978617427	Basal_M1	high
251.0	99	1	0.6440451375208865	0.037193830654088364	0.5711452294388734	0.7169450456028997	Basal_M1	high
264.0	98	1	0.6374732483625102	0.03739039756958194	0.5641880691261296	0.7107584275988907	Basal_M1	high
271.0	95	1	0.6307630036429048	0.037594117761128414	0.5570785328310931	0.7044474744547166	Basal_M1	high
290.0	93	1	0.6239806057542715	0.03779673871108542	0.5498989978805441	0.6980622136279989	Basal_M1	high
292.0	92	1	0.6171982078656381	0.037989561375049205	0.5427386675705417	0.6916577481607344	Basal_M1	high
305.0	90	1	0.6103404500004643	0.03818140890210548	0.5355048885523376	0.6851760114485911	Basal_M1	high
309.0	89	1	0.6034826921352906	0.03836332180590981	0.5282905813957074	0.6786748028748738	Basal_M1	high
317.0	88	1	0.5966249342701169	0.03853544078080172	0.5210954703397455	0.6721543982004883	Basal_M1	high
326.0	87	1	0.5897671764049431	0.038697896510151854	0.5139192992450455	0.6656150535648407	Basal_M1	high
334.0	86	1	0.5829094185397694	0.03885081021552879	0.5067618305173329	0.6590570065622059	Basal_M1	high
337.0	85	1	0.5760516606745957	0.038994294152459225	0.4996228441357756	0.6524804772134157	Basal_M1	high
350.0	84	1	0.569193902809422	0.03912845205789338	0.4925021367759509	0.645885668842893	Basal_M1	high
356.0	83	1	0.5623361449442482	0.03925337955384314	0.48539952101871564	0.6392727688697808	Basal_M1	high
359.0	82	1	0.5554783870790745	0.039369164511101166	0.4783148246373162	0.6326419495208327	Basal_M1	high
361.0	81	1	0.5486206292139006	0.03947588737646172	0.47124788995603567	0.6259933684717656	Basal_M1	high
363.0	80	1	0.5417628713487269	0.03957362146643768	0.4641985732745091	0.6193271694229447	Basal_M1	high
365.0	79	1	0.5349051134835532	0.039662433230092824	0.45716674435257126	0.6126434826145352	Basal_M1	high
374.0	78	1	0.5280473556183795	0.03974238248327737	0.4501522859511558	0.6059424252856032	Basal_M1	high
392.0	77	1	0.5211895977532057	0.03981352261626091	0.4431550934253343	0.5992241020810771	Basal_M1	high
402.0	74	1	0.5141464950808651	0.03989360868545411	0.435955022057375	0.5923379681043551	Basal_M1	high
407.0	73	1	0.5071033924085244	0.03996400497204259	0.4287739426633209	0.5854328421537279	Basal_M1	high
408.0	72	1	0.5000602897361839	0.04002476260376111	0.4216117550328121	0.5785088244395556	Basal_M1	high
421.0	71	1	0.4930171870638433	0.04007592541906058	0.41446837324248453	0.571566000885202	Basal_M1	high
436.0	69	1	0.48587201043972966	0.040127020122360905	0.4072230509999023	0.564520969879557	Basal_M1	high
443.0	68	1	0.47872683381561604	0.04016802905666615	0.3999974968645504	0.5574561707666816	Basal_M1	high
467.0	66	1	0.47147339693962187	0.040208992808793476	0.39266377103438665	0.5502830228448571	Basal_M1	high
491.0	65	1	0.4642199600636277	0.040239310845404413	0.3853509108066351	0.5430890093206203	Basal_M1	high
493.0	64	1	0.45696652318763353	0.04025900721756067	0.3780588690412146	0.5358741773340524	Basal_M1	high
511.0	63	1	0.44971308631163937	0.04026809751141927	0.3707876151892576	0.5286385574340211	Basal_M1	high
524.0	62	1	0.4424596494356452	0.04026658891003539	0.36353713517197583	0.5213821636993146	Basal_M1	high
541.0	61	1	0.43520621255965103	0.040254480221777134	0.35630743132496784	0.5141049937943342	Basal_M1	high
543.0	60	1	0.4279527756836568	0.04023176187561456	0.34909852240745226	0.5068070289598613	Basal_M1	high
577.0	57	1	0.4204448322506102	0.04022039696248878	0.3416128542041322	0.4992768102970882	Basal_M1	high
578.0	55	1	0.4128003807551445	0.04020902260667629	0.333990696446059	0.49161006506423005	Basal_M1	high
585.0	54	1	0.4051559292596789	0.0401845144529714	0.32639428093185496	0.48391757758750287	Basal_M1	high
593.0	53	1	0.39751147776421325	0.04014684844829994	0.31882365480554536	0.47619930072288114	Basal_M1	high
597.0	52	1	0.3898670262687476	0.040095987511386884	0.3112788907464293	0.4684551617910659	Basal_M1	high
636.0	49	1	0.38191055634489557	0.040059347784446316	0.3033942346873808	0.46042687800241033	Basal_M1	high
669.0	47	1	0.37378479982691903	0.040022663377603074	0.295340379606817	0.45222922004702104	Basal_M1	high
714.0	45	1	0.36547847094187635	0.0399859320657354	0.287106044093035	0.44385089779071774	Basal_M1	high
723.0	44	1	0.35717214205683373	0.03993058391425104	0.2789081975849017	0.43543608652876575	Basal_M1	high
726.0	43	1	0.34886581317179105	0.03985654136448924	0.27074699209739217	0.42698463424618993	Basal_M1	high
790.0	38	1	0.3396851338777966	0.03985101335469439	0.2615771477025956	0.41779312005299757	Basal_M1	high
795.0	37	1	0.3305044545838021	0.039817418231664986	0.25246231484973874	0.4085465943178655	Basal_M1	high
797.0	36	1	0.3213237752898076	0.03975568484200883	0.2434026329994703	0.3992449175801449	Basal_M1	high
810.0	35	1	0.3121430959958131	0.039665681807595866	0.2343983596529252	0.38988783233870095	Basal_M1	high
821.0	34	1	0.30296241670181856	0.03954721611755069	0.22544987311141923	0.3804749602922179	Basal_M1	high
826.0	33	1	0.29378173740782404	0.039400031033205885	0.2165576765827405	0.3710057982329076	Basal_M1	high
841.0	32	1	0.2846010581138295	0.03922380325222709	0.20772240373946443	0.3614797124881946	Basal_M1	high
846.0	31	1	0.27542037881983505	0.03901813925732187	0.19894482587548418	0.35189593176418593	Basal_M1	high
863.0	30	1	0.26623969952584053	0.038782570750539626	0.19022586085478288	0.3422535381968982	Basal_M1	high
885.0	28	1	0.2567311388284891	0.03854549430876722	0.18118196998330532	0.33228030767367284	Basal_M1	high
898.0	27	2	0.23771401743378617	0.03796348939137345	0.16330557822669423	0.3121224566408781	Basal_M1	high
942.0	25	1	0.22820545673643472	0.03761689227652982	0.15447634787443626	0.3019345655984332	Basal_M1	high
994.0	24	1	0.2186968960390833	0.037231888873410876	0.14572239384719798	0.2916713982309686	Basal_M1	high
1013.0	23	1	0.20918833534173184	0.03680727401455896	0.1370460782731963	0.28133059241026737	Basal_M1	high
1117.0	21	1	0.1992269860397446	0.0363775281895778	0.1279270307881721	0.27052694129131705	Basal_M1	high
1126.0	20	1	0.18926563673775734	0.035896621968905716	0.11890825767870214	0.2596230157968126	Basal_M1	high
1168.0	18	1	0.17875087914121526	0.03540887266898719	0.10934948871000037	0.24815226957243014	Basal_M1	high
1174.0	17	1	0.16823612154467318	0.03485224125053894	0.09992572869361686	0.2365465143957295	Basal_M1	high
1202.0	14	1	0.15621925572005368	0.034372095454604894	0.08884994862902809	0.22358856281107928	Basal_M1	high
1319.0	12	1	0.1432009844100492	0.033883491725908044	0.07678934062726943	0.20961262819282894	Basal_M1	high
1351.0	11	1	0.13018271310004473	0.03320999971668711	0.065091113655338	0.19527431254475147	Basal_M1	high
1715.0	10	1	0.11716444179004026	0.03234007042151435	0.053777903763872134	0.18055097981620838	Basal_M1	high
1965.0	9	1	0.10414617048003579	0.03125730686732505	0.04288184902007869	0.16541049193999288	Basal_M1	high
2227.0	6	1	0.08678847540002982	0.030488690147908875	0.027030642710128422	0.14654630808993122	Basal_M1	high
2333.0	4	1	0.06509135655002236	0.029596475338197946	0.0070822648871543895	0.12310044821289035	Basal_M1	high
2694.0	3	1	0.043394237700014916	0.0265170704099293	0.0	0.09536769570347634	Basal_M1	high
2752.0	2	1	0.021697118850007458	0.02027735779082081	0.0	0.06144074012001624	Basal_M1	high
2831.0	1	1	0.0	0.0	0.0	0.0	Basal_M1	high
39.0	176	1	0.9943181818181818	0.005665653659214955	0.9832135006461205	1.0	Basal_M1	low
61.0	174	1	0.9886037095088819	0.008012443484091412	0.9728993202800628	1.0	Basal_M1	low
89.0	170	1	0.9827883935705943	0.009852165109956373	0.9634781499550799	1.0	Basal_M1	low
158.0	163	1	0.976759016922922	0.011489481407928218	0.9542396333633827	0.9992784004824613	Basal_M1	low
166.0	161	1	0.9706921907308541	0.012920959388461493	0.9453671103294696	0.9960172711322386	Basal_M1	low
197.0	158	1	0.9645485692705322	0.014224969982761676	0.9366676281043194	0.9924295104367451	Basal_M1	low
229.0	154	1	0.9582852668726717	0.015450068205410257	0.9280031331900676	0.9885674005552758	Basal_M1	low
241.0	152	1	0.9519807585379831	0.016584915503745603	0.9194743241506418	0.9844871929253245	Basal_M1	low
314.0	147	1	0.9455046989560921	0.017691350772437855	0.9108296514421139	0.9801797464700703	Basal_M1	low
348.0	143	1	0.9388927779843712	0.018762558002711906	0.9021181642990559	0.9756673916696865	Basal_M1	low
386.0	139	1	0.9321381536823254	0.019806142584310096	0.8933181142170776	0.9709581931475733	Basal_M1	low
393.0	137	1	0.9253342255532574	0.020797426549308128	0.8845712695166135	0.9660971815899013	Basal_M1	low
396.0	136	1	0.9185302974241893	0.02172898070910239	0.8759414952343487	0.96111909961403	Basal_M1	low
403.0	135	1	0.9117263692951213	0.022608189640439005	0.8674143175998609	0.9560384209903817	Basal_M1	low
418.0	133	1	0.9048712838116992	0.023454463058896285	0.8589005362162625	0.950842031407136	Basal_M1	low
431.0	132	1	0.8980161983282773	0.02425787659936216	0.8504707601935274	0.9455616364630272	Basal_M1	low
445.0	128	1	0.8910004467788376	0.02506236778396296	0.8418782059222703	0.940122687635405	Basal_M1	low
468.0	127	1	0.8839846952293979	0.02582833207647377	0.8333611643595094	0.9346082260992865	Basal_M1	low
478.0	125	1	0.8769128176675628	0.02657222514682909	0.8248312563797778	0.9289943789553478	Basal_M1	low
500.0	123	2	0.8626540726648382	0.02798768911453275	0.807798202000354	0.9175099433293223	Basal_M1	low
506.0	121	1	0.8555247001634759	0.02865004091969354	0.7993706199608765	0.9116787803660753	Basal_M1	low
507.0	120	1	0.8483953276621137	0.02928490768879811	0.7909969085920694	0.905793746732158	Basal_M1	low
526.0	119	1	0.8412659551607514	0.029894040591657595	0.7826736356011026	0.8998582747204003	Basal_M1	low
571.0	117	1	0.8340756478516852	0.030491006033524115	0.7743132760259779	0.8938380196773925	Basal_M1	low
623.0	114	1	0.8267591948003546	0.03108895872010683	0.7658248357089452	0.8876935538917641	Basal_M1	low
635.0	113	1	0.8194427417490241	0.03166305739121886	0.7573831492622352	0.881502334235813	Basal_M1	low
695.0	108	1	0.8118553089550516	0.0322661667796218	0.7486136220669929	0.8750969958431104	Basal_M1	low
697.0	107	1	0.8042678761610792	0.03284459839445148	0.7398924633079543	0.8686432890142041	Basal_M1	low
720.0	105	1	0.7966081821024023	0.033413016602097015	0.7311186695622921	0.8620976946425124	Basal_M1	low
748.0	102	1	0.7887982979641435	0.03398591642421516	0.7221859017726817	0.8554106941556052	Basal_M1	low
774.0	98	1	0.7807493357400196	0.034579115071801954	0.7129742701992877	0.8485244012807515	Basal_M1	low
810.0	97	1	0.7727003735158957	0.03514692387251852	0.7038124027257594	0.841588344306032	Basal_M1	low
903.0	87	1	0.7638187600272073	0.035847565817587496	0.6935575310247358	0.8340799890296787	Basal_M1	low
971.0	83	1	0.7546161243642289	0.03657783016455508	0.6829235772417009	0.8263086714867568	Basal_M1	low
993.0	82	1	0.7454134887012505	0.03727143315801111	0.6723614797115487	0.8184654976909522	Basal_M1	low
1016.0	79	1	0.735977874920222	0.0379752228454417	0.6615464381431563	0.8104093116972878	Basal_M1	low
1047.0	76	1	0.7262939555133769	0.038690581961877225	0.6504604148680976	0.8021274961586563	Basal_M1	low
1052.0	75	1	0.716610036106532	0.03936795922127829	0.6394488360328265	0.7937712361802374	Basal_M1	low
1126.0	70	1	0.7063727498764387	0.04011454012197626	0.6277482512373652	0.7849972485155122	Basal_M1	low
1137.0	69	1	0.6961354636463455	0.04081855812814356	0.6161310897151842	0.7761398375775068	Basal_M1	low
1155.0	67	1	0.6857453820993851	0.04151063038077388	0.6043845465530683	0.7671062176457019	Basal_M1	low
1187.0	65	1	0.67519545314401	0.04219134383912018	0.5925004192193344	0.7578904870686856	Basal_M1	low
1235.0	63	1	0.664478064998867	0.04286123868374238	0.5804700371787319	0.748486092819002	Basal_M1	low
1250.0	62	1	0.653760676853724	0.04348922451522081	0.5685217968038911	0.7389995569035568	Basal_M1	low
1308.0	61	1	0.643043288708581	0.04407709265868735	0.5566521870975537	0.7294343903196082	Basal_M1	low
1317.0	60	1	0.632325900563438	0.04462642856454479	0.5448581005769302	0.7197937005499457	Basal_M1	low
1363.0	57	1	0.6212324637114478	0.04520131169004632	0.532637892798957	0.7098270346239386	Basal_M1	low
1607.0	52	1	0.6092856855631507	0.04588367846030223	0.5193536757809583	0.6992176953453431	Basal_M1	low
1615.0	51	1	0.5973389074148535	0.0465133001295571	0.5061728391609216	0.6885049756687854	Basal_M1	low
1646.0	50	1	0.5853921292665565	0.04709229234367636	0.4930912362729508	0.6776930222601621	Basal_M1	low
1681.0	48	1	0.5731964599068365	0.04766422928708626	0.47977457050414746	0.6666183493095256	Basal_M1	low
1691.0	47	1	0.5610007905471166	0.04818507359303489	0.4665580463047682	0.6554435347894649	Basal_M1	low
1732.0	45	1	0.5485341063127362	0.048700320263186256	0.4530814785968912	0.6439867340285813	Basal_M1	low
1756.0	43	1	0.5357774991891843	0.04921013988743038	0.43932562500982075	0.6322293733685478	Basal_M1	low
1765.0	41	1	0.5227097553065212	0.04971469292247878	0.4252689571784628	0.6201505534345796	Basal_M1	low
1777.0	40	1	0.5096420114238581	0.050159890937566676	0.4113286251862274	0.6079553976614888	Basal_M1	low
1801.0	39	1	0.4965742675411951	0.05054730227437595	0.3975015550834182	0.595646979998972	Basal_M1	low
1910.0	36	1	0.482780537887273	0.050990557229382075	0.3828390457176841	0.5827220300568619	Basal_M1	low
1931.0	34	1	0.46858111030235317	0.051429917153952634	0.36777847268060604	0.5693837479241003	Basal_M1	low
1974.0	33	1	0.4543816827174334	0.051794535850077775	0.352864392451281	0.5558989729835858	Basal_M1	low
2043.0	31	1	0.43972420908138715	0.052156504015512514	0.3374974612109826	0.5419509569517917	Basal_M1	low
2066.0	30	1	0.4250667354453409	0.05243710730540365	0.32229000512674977	0.527843465763932	Basal_M1	low
2244.0	27	1	0.40932352302143943	0.0528054295868923	0.30582488103113054	0.5128221650117484	Basal_M1	low
2302.0	26	1	0.3935803105975379	0.05306939816343038	0.28956429019721436	0.49759633099786144	Basal_M1	low
2424.0	24	1	0.37718113098930717	0.05333180412882702	0.2726507948968062	0.4817114670818081	Basal_M1	low
2592.0	21	1	0.3592201247517211	0.05373158252372491	0.25390622300522026	0.46453402649822195	Basal_M1	low
2606.0	20	1	0.34125911851413504	0.05396350831504572	0.23549064221664545	0.44702759481162463	Basal_M1	low
3102.0	15	1	0.3185085106131927	0.05495281768475117	0.21080098795108038	0.426216033275305	Basal_M1	low
3190.0	12	1	0.29196613472875993	0.05642048063626202	0.18138199268168637	0.4025502767758335	Basal_M1	low
3263.0	11	1	0.2654237588443272	0.057194883061426345	0.15332178804393154	0.3775257296447228	Basal_M1	low
3544.0	10	1	0.23888138295989447	0.0573041378178204	0.1265652728369665	0.35119749308282244	Basal_M1	low
2.0	181	1	0.994475138121547	0.005509578690451936	0.9836763638882612	1.0	LumA_M1	high
7.0	179	2	0.983363684064323	0.009524881784003712	0.9646949157676756	1.0	LumA_M1	high
11.0	177	1	0.977807957035711	0.01097236820483877	0.956302115354227	0.999313798717195	LumA_M1	high
13.0	176	1	0.9722522300070989	0.012235986971923732	0.9482696955421284	0.9962347644720695	LumA_M1	high
16.0	174	1	0.9666645735128052	0.013380802621976313	0.9404382003737316	0.9928909466518788	LumA_M1	high
18.0	173	1	0.9610769170185115	0.0144230162680397	0.9328078051331536	0.9893460289038694	LumA_M1	high
20.0	172	1	0.9554892605242178	0.015383495557142935	0.9253376092322176	0.9856409118162179	LumA_M1	high
21.0	171	2	0.9443139475356305	0.017113213129613624	0.9107720498015878	0.9778558452696732	LumA_M1	high
26.0	169	1	0.9387262910413368	0.01790094004218843	0.9036404485586474	0.9738121335240261	LumA_M1	high
29.0	168	1	0.9331386345470432	0.018646079024747245	0.8965923196585386	0.9696849494355477	LumA_M1	high
35.0	166	1	0.9275173174714586	0.019362563323136406	0.8895666933581112	0.965467941584806	LumA_M1	high
36.0	165	1	0.9218960003958739	0.020044599639978643	0.8826085851015157	0.9611834156902321	LumA_M1	high
42.0	163	1	0.9162401967124637	0.020704180182402346	0.8756600035549551	0.9568203898699723	LumA_M1	high
43.0	162	2	0.9049285893456431	0.021939246549123926	0.8619276661093602	0.947929512581926	LumA_M1	high
45.0	160	2	0.8936169819788227	0.023077023449512037	0.8483860160177791	0.9388479479398663	LumA_M1	high
47.0	158	1	0.8879611782954123	0.023613870418102822	0.8416779922759308	0.9342443643148939	LumA_M1	high
60.0	157	1	0.8823053746120021	0.02413127625020337	0.8350080731616035	0.9296026760624007	LumA_M1	high
61.0	156	1	0.8766495709285919	0.02463046616106487	0.8283738572529047	0.924925284604279	LumA_M1	high
79.0	150	1	0.8708052404557346	0.02515007989011692	0.8215110838711054	0.9200993970403638	LumA_M1	high
80.0	149	1	0.8649609099828773	0.025651348560767763	0.8146842668037725	0.9152375531619822	LumA_M1	high
84.0	148	1	0.8591165795100201	0.026135327754431895	0.8078913371113335	0.9103418219087066	LumA_M1	high
94.0	147	2	0.8474279185643055	0.027055096239696524	0.7943999299345004	0.9004559071941107	LumA_M1	high
96.0	145	1	0.8415835880914483	0.02749249778396513	0.7876982924348767	0.8954688837480199	LumA_M1	high
100.0	143	1	0.8356983881747249	0.027923048092320386	0.7809692139137769	0.8904275624356728	LumA_M1	high
101.0	142	1	0.8298131882580014	0.02833981837623423	0.7742671442405823	0.8853592322754206	LumA_M1	high
103.0	141	1	0.823927988341278	0.028743408059884717	0.767590908543904	0.880265068138652	LumA_M1	high
108.0	140	1	0.8180427884245546	0.029134364909215792	0.7609394332024916	0.8751461436466176	LumA_M1	high
113.0	139	2	0.8062723885911077	0.029880347615071873	0.7477069072655669	0.8648378699166486	LumA_M1	high
137.0	137	1	0.8003871886743843	0.03023625996656034	0.741124119139926	0.8596502582088426	LumA_M1	high
138.0	135	2	0.788529600694023	0.030929006288583007	0.7279087483684004	0.8491504530196456	LumA_M1	high
139.0	133	1	0.7826008067038424	0.03125953939168549	0.7213321094961388	0.8438695039115459	LumA_M1	high
142.0	132	1	0.7766720127136617	0.031579958099047956	0.7147752948395277	0.8385687305877957	LumA_M1	high
149.0	130	2	0.764723212518067	0.032204541459325005	0.7016023112577899	0.827844113778344	LumA_M1	high
152.0	128	1	0.7587488124202696	0.03250238757972593	0.6950441327640068	0.8224534920765324	LumA_M1	high
154.0	126	1	0.7527269964486801	0.03279752848522834	0.6884438406176325	0.8170101522797277	LumA_M1	high
170.0	122	2	0.7403872096216526	0.03340038746247166	0.6749224501952081	0.8058519690480971	LumA_M1	high
174.0	118	1	0.734112741743503	0.033701529327225685	0.6680577442621407	0.8001677392248654	LumA_M1	high
176.0	117	1	0.7278382738653535	0.03399254689392841	0.6612128819532538	0.7944636657774532	LumA_M1	high
180.0	115	1	0.7215092453969592	0.03428109339888177	0.6543183023351509	0.7887001884587674	LumA_M1	high
181.0	114	1	0.7151802169285647	0.03455968159784415	0.6474432409967902	0.7829171928603392	LumA_M1	high
186.0	113	1	0.7088511884601704	0.03482855045649272	0.6405872295654447	0.7771151473548961	LumA_M1	high
187.0	112	2	0.6961931315233816	0.0353380095381217	0.626930632828663	0.7654556302181001	LumA_M1	high
191.0	110	1	0.6898641030549872	0.0355790046878241	0.620129253866852	0.7595989522431225	LumA_M1	high
210.0	108	1	0.6834764724711447	0.03581837764145482	0.6132724522938933	0.7536804926483962	LumA_M1	high
239.0	104	1	0.6769045833127684	0.03607183112177973	0.6062037943140801	0.7476053723114566	LumA_M1	high
241.0	103	1	0.670332694154392	0.03631534779450972	0.599154612477153	0.741510775831631	LumA_M1	high
242.0	102	1	0.6637608049960156	0.036549126278748234	0.5921245174896691	0.7353970925023622	LumA_M1	high
243.0	101	1	0.6571889158376393	0.03677335230012687	0.5851131453293906	0.7292646863458879	LumA_M1	high
245.0	100	1	0.6506170266792629	0.03698819958289786	0.5781201554967831	0.7231138978617427	LumA_M1	high
251.0	99	1	0.6440451375208865	0.037193830654088364	0.5711452294388734	0.7169450456028997	LumA_M1	high
264.0	98	1	0.6374732483625102	0.03739039756958194	0.5641880691261296	0.7107584275988907	LumA_M1	high
271.0	95	1	0.6307630036429048	0.037594117761128414	0.5570785328310931	0.7044474744547166	LumA_M1	high
290.0	93	1	0.6239806057542715	0.03779673871108542	0.5498989978805441	0.6980622136279989	LumA_M1	high
292.0	92	1	0.6171982078656381	0.037989561375049205	0.5427386675705417	0.6916577481607344	LumA_M1	high
305.0	90	1	0.6103404500004643	0.03818140890210548	0.5355048885523376	0.6851760114485911	LumA_M1	high
309.0	89	1	0.6034826921352906	0.03836332180590981	0.5282905813957074	0.6786748028748738	LumA_M1	high
317.0	88	1	0.5966249342701169	0.03853544078080172	0.5210954703397455	0.6721543982004883	LumA_M1	high
326.0	87	1	0.5897671764049431	0.038697896510151854	0.5139192992450455	0.6656150535648407	LumA_M1	high
334.0	86	1	0.5829094185397694	0.03885081021552879	0.5067618305173329	0.6590570065622059	LumA_M1	high
337.0	85	1	0.5760516606745957	0.038994294152459225	0.4996228441357756	0.6524804772134157	LumA_M1	high
350.0	84	1	0.569193902809422	0.03912845205789338	0.4925021367759509	0.645885668842893	LumA_M1	high
356.0	83	1	0.5623361449442482	0.03925337955384314	0.48539952101871564	0.6392727688697808	LumA_M1	high
359.0	82	1	0.5554783870790745	0.039369164511101166	0.4783148246373162	0.6326419495208327	LumA_M1	high
361.0	81	1	0.5486206292139006	0.03947588737646172	0.47124788995603567	0.6259933684717656	LumA_M1	high
363.0	80	1	0.5417628713487269	0.03957362146643768	0.4641985732745091	0.6193271694229447	LumA_M1	high
365.0	79	1	0.5349051134835532	0.039662433230092824	0.45716674435257126	0.6126434826145352	LumA_M1	high
374.0	78	1	0.5280473556183795	0.03974238248327737	0.4501522859511558	0.6059424252856032	LumA_M1	high
392.0	77	1	0.5211895977532057	0.03981352261626091	0.4431550934253343	0.5992241020810771	LumA_M1	high
402.0	74	1	0.5141464950808651	0.03989360868545411	0.435955022057375	0.5923379681043551	LumA_M1	high
407.0	73	1	0.5071033924085244	0.03996400497204259	0.4287739426633209	0.5854328421537279	LumA_M1	high
408.0	72	1	0.5000602897361839	0.04002476260376111	0.4216117550328121	0.5785088244395556	LumA_M1	high
421.0	71	1	0.4930171870638433	0.04007592541906058	0.41446837324248453	0.571566000885202	LumA_M1	high
436.0	69	1	0.48587201043972966	0.040127020122360905	0.4072230509999023	0.564520969879557	LumA_M1	high
443.0	68	1	0.47872683381561604	0.04016802905666615	0.3999974968645504	0.5574561707666816	LumA_M1	high
467.0	66	1	0.47147339693962187	0.040208992808793476	0.39266377103438665	0.5502830228448571	LumA_M1	high
491.0	65	1	0.4642199600636277	0.040239310845404413	0.3853509108066351	0.5430890093206203	LumA_M1	high
493.0	64	1	0.45696652318763353	0.04025900721756067	0.3780588690412146	0.5358741773340524	LumA_M1	high
511.0	63	1	0.44971308631163937	0.04026809751141927	0.3707876151892576	0.5286385574340211	LumA_M1	high
524.0	62	1	0.4424596494356452	0.04026658891003539	0.36353713517197583	0.5213821636993146	LumA_M1	high
541.0	61	1	0.43520621255965103	0.040254480221777134	0.35630743132496784	0.5141049937943342	LumA_M1	high
543.0	60	1	0.4279527756836568	0.04023176187561456	0.34909852240745226	0.5068070289598613	LumA_M1	high
577.0	57	1	0.4204448322506102	0.04022039696248878	0.3416128542041322	0.4992768102970882	LumA_M1	high
578.0	55	1	0.4128003807551445	0.04020902260667629	0.333990696446059	0.49161006506423005	LumA_M1	high
585.0	54	1	0.4051559292596789	0.0401845144529714	0.32639428093185496	0.48391757758750287	LumA_M1	high
593.0	53	1	0.39751147776421325	0.04014684844829994	0.31882365480554536	0.47619930072288114	LumA_M1	high
597.0	52	1	0.3898670262687476	0.040095987511386884	0.3112788907464293	0.4684551617910659	LumA_M1	high
636.0	49	1	0.38191055634489557	0.040059347784446316	0.3033942346873808	0.46042687800241033	LumA_M1	high
669.0	47	1	0.37378479982691903	0.040022663377603074	0.295340379606817	0.45222922004702104	LumA_M1	high
714.0	45	1	0.36547847094187635	0.0399859320657354	0.287106044093035	0.44385089779071774	LumA_M1	high
723.0	44	1	0.35717214205683373	0.03993058391425104	0.2789081975849017	0.43543608652876575	LumA_M1	high
726.0	43	1	0.34886581317179105	0.03985654136448924	0.27074699209739217	0.42698463424618993	LumA_M1	high
790.0	38	1	0.3396851338777966	0.03985101335469439	0.2615771477025956	0.41779312005299757	LumA_M1	high
795.0	37	1	0.3305044545838021	0.039817418231664986	0.25246231484973874	0.4085465943178655	LumA_M1	high
797.0	36	1	0.3213237752898076	0.03975568484200883	0.2434026329994703	0.3992449175801449	LumA_M1	high
810.0	35	1	0.3121430959958131	0.039665681807595866	0.2343983596529252	0.38988783233870095	LumA_M1	high
821.0	34	1	0.30296241670181856	0.03954721611755069	0.22544987311141923	0.3804749602922179	LumA_M1	high
826.0	33	1	0.29378173740782404	0.039400031033205885	0.2165576765827405	0.3710057982329076	LumA_M1	high
841.0	32	1	0.2846010581138295	0.03922380325222709	0.20772240373946443	0.3614797124881946	LumA_M1	high
846.0	31	1	0.27542037881983505	0.03901813925732187	0.19894482587548418	0.35189593176418593	LumA_M1	high
863.0	30	1	0.26623969952584053	0.038782570750539626	0.19022586085478288	0.3422535381968982	LumA_M1	high
885.0	28	1	0.2567311388284891	0.03854549430876722	0.18118196998330532	0.33228030767367284	LumA_M1	high
898.0	27	2	0.23771401743378617	0.03796348939137345	0.16330557822669423	0.3121224566408781	LumA_M1	high
942.0	25	1	0.22820545673643472	0.03761689227652982	0.15447634787443626	0.3019345655984332	LumA_M1	high
994.0	24	1	0.2186968960390833	0.037231888873410876	0.14572239384719798	0.2916713982309686	LumA_M1	high
1013.0	23	1	0.20918833534173184	0.03680727401455896	0.1370460782731963	0.28133059241026737	LumA_M1	high
1117.0	21	1	0.1992269860397446	0.0363775281895778	0.1279270307881721	0.27052694129131705	LumA_M1	high
1126.0	20	1	0.18926563673775734	0.035896621968905716	0.11890825767870214	0.2596230157968126	LumA_M1	high
1168.0	18	1	0.17875087914121526	0.03540887266898719	0.10934948871000037	0.24815226957243014	LumA_M1	high
1174.0	17	1	0.16823612154467318	0.03485224125053894	0.09992572869361686	0.2365465143957295	LumA_M1	high
1202.0	14	1	0.15621925572005368	0.034372095454604894	0.08884994862902809	0.22358856281107928	LumA_M1	high
1319.0	12	1	0.1432009844100492	0.033883491725908044	0.07678934062726943	0.20961262819282894	LumA_M1	high
1351.0	11	1	0.13018271310004473	0.03320999971668711	0.065091113655338	0.19527431254475147	LumA_M1	high
1715.0	10	1	0.11716444179004026	0.03234007042151435	0.053777903763872134	0.18055097981620838	LumA_M1	high
1965.0	9	1	0.10414617048003579	0.03125730686732505	0.04288184902007869	0.16541049193999288	LumA_M1	high
2227.0	6	1	0.08678847540002982	0.030488690147908875	0.027030642710128422	0.14654630808993122	LumA_M1	high
2333.0	4	1	0.06509135655002236	0.029596475338197946	0.0070822648871543895	0.12310044821289035	LumA_M1	high
2694.0	3	1	0.043394237700014916	0.0265170704099293	0.0	0.09536769570347634	LumA_M1	high
2752.0	2	1	0.021697118850007458	0.02027735779082081	0.0	0.06144074012001624	LumA_M1	high
2831.0	1	1	0.0	0.0	0.0	0.0	LumA_M1	high
39.0	176	1	0.9943181818181818	0.005665653659214955	0.9832135006461205	1.0	LumA_M1	low
61.0	174	1	0.9886037095088819	0.008012443484091412	0.9728993202800628	1.0	LumA_M1	low
89.0	170	1	0.9827883935705943	0.009852165109956373	0.9634781499550799	1.0	LumA_M1	low
158.0	163	1	0.976759016922922	0.011489481407928218	0.9542396333633827	0.9992784004824613	LumA_M1	low
166.0	161	1	0.9706921907308541	0.012920959388461493	0.9453671103294696	0.9960172711322386	LumA_M1	low
197.0	158	1	0.9645485692705322	0.014224969982761676	0.9366676281043194	0.9924295104367451	LumA_M1	low
229.0	154	1	0.9582852668726717	0.015450068205410257	0.9280031331900676	0.9885674005552758	LumA_M1	low
241.0	152	1	0.9519807585379831	0.016584915503745603	0.9194743241506418	0.9844871929253245	LumA_M1	low
314.0	147	1	0.9455046989560921	0.017691350772437855	0.9108296514421139	0.9801797464700703	LumA_M1	low
348.0	143	1	0.9388927779843712	0.018762558002711906	0.9021181642990559	0.9756673916696865	LumA_M1	low
386.0	139	1	0.9321381536823254	0.019806142584310096	0.8933181142170776	0.9709581931475733	LumA_M1	low
393.0	137	1	0.9253342255532574	0.020797426549308128	0.8845712695166135	0.9660971815899013	LumA_M1	low
396.0	136	1	0.9185302974241893	0.02172898070910239	0.8759414952343487	0.96111909961403	LumA_M1	low
403.0	135	1	0.9117263692951213	0.022608189640439005	0.8674143175998609	0.9560384209903817	LumA_M1	low
418.0	133	1	0.9048712838116992	0.023454463058896285	0.8589005362162625	0.950842031407136	LumA_M1	low
431.0	132	1	0.8980161983282773	0.02425787659936216	0.8504707601935274	0.9455616364630272	LumA_M1	low
445.0	128	1	0.8910004467788376	0.02506236778396296	0.8418782059222703	0.940122687635405	LumA_M1	low
468.0	127	1	0.8839846952293979	0.02582833207647377	0.8333611643595094	0.9346082260992865	LumA_M1	low
478.0	125	1	0.8769128176675628	0.02657222514682909	0.8248312563797778	0.9289943789553478	LumA_M1	low
500.0	123	2	0.8626540726648382	0.02798768911453275	0.807798202000354	0.9175099433293223	LumA_M1	low
506.0	121	1	0.8555247001634759	0.02865004091969354	0.7993706199608765	0.9116787803660753	LumA_M1	low
507.0	120	1	0.8483953276621137	0.02928490768879811	0.7909969085920694	0.905793746732158	LumA_M1	low
526.0	119	1	0.8412659551607514	0.029894040591657595	0.7826736356011026	0.8998582747204003	LumA_M1	low
571.0	117	1	0.8340756478516852	0.030491006033524115	0.7743132760259779	0.8938380196773925	LumA_M1	low
623.0	114	1	0.8267591948003546	0.03108895872010683	0.7658248357089452	0.8876935538917641	LumA_M1	low
635.0	113	1	0.8194427417490241	0.03166305739121886	0.7573831492622352	0.881502334235813	LumA_M1	low
695.0	108	1	0.8118553089550516	0.0322661667796218	0.7486136220669929	0.8750969958431104	LumA_M1	low
697.0	107	1	0.8042678761610792	0.03284459839445148	0.7398924633079543	0.8686432890142041	LumA_M1	low
720.0	105	1	0.7966081821024023	0.033413016602097015	0.7311186695622921	0.8620976946425124	LumA_M1	low
748.0	102	1	0.7887982979641435	0.03398591642421516	0.7221859017726817	0.8554106941556052	LumA_M1	low
774.0	98	1	0.7807493357400196	0.034579115071801954	0.7129742701992877	0.8485244012807515	LumA_M1	low
810.0	97	1	0.7727003735158957	0.03514692387251852	0.7038124027257594	0.841588344306032	LumA_M1	low
903.0	87	1	0.7638187600272073	0.035847565817587496	0.6935575310247358	0.8340799890296787	LumA_M1	low
971.0	83	1	0.7546161243642289	0.03657783016455508	0.6829235772417009	0.8263086714867568	LumA_M1	low
993.0	82	1	0.7454134887012505	0.03727143315801111	0.6723614797115487	0.8184654976909522	LumA_M1	low
1016.0	79	1	0.735977874920222	0.0379752228454417	0.6615464381431563	0.8104093116972878	LumA_M1	low
1047.0	76	1	0.7262939555133769	0.038690581961877225	0.6504604148680976	0.8021274961586563	LumA_M1	low
1052.0	75	1	0.716610036106532	0.03936795922127829	0.6394488360328265	0.7937712361802374	LumA_M1	low
1126.0	70	1	0.7063727498764387	0.04011454012197626	0.6277482512373652	0.7849972485155122	LumA_M1	low
1137.0	69	1	0.6961354636463455	0.04081855812814356	0.6161310897151842	0.7761398375775068	LumA_M1	low
1155.0	67	1	0.6857453820993851	0.04151063038077388	0.6043845465530683	0.7671062176457019	LumA_M1	low
1187.0	65	1	0.67519545314401	0.04219134383912018	0.5925004192193344	0.7578904870686856	LumA_M1	low
1235.0	63	1	0.664478064998867	0.04286123868374238	0.5804700371787319	0.748486092819002	LumA_M1	low
1250.0	62	1	0.653760676853724	0.04348922451522081	0.5685217968038911	0.7389995569035568	LumA_M1	low
1308.0	61	1	0.643043288708581	0.04407709265868735	0.5566521870975537	0.7294343903196082	LumA_M1	low
1317.0	60	1	0.632325900563438	0.04462642856454479	0.5448581005769302	0.7197937005499457	LumA_M1	low
1363.0	57	1	0.6212324637114478	0.04520131169004632	0.532637892798957	0.7098270346239386	LumA_M1	low
1607.0	52	1	0.6092856855631507	0.04588367846030223	0.5193536757809583	0.6992176953453431	LumA_M1	low
1615.0	51	1	0.5973389074148535	0.0465133001295571	0.5061728391609216	0.6885049756687854	LumA_M1	low
1646.0	50	1	0.5853921292665565	0.04709229234367636	0.4930912362729508	0.6776930222601621	LumA_M1	low
1681.0	48	1	0.5731964599068365	0.04766422928708626	0.47977457050414746	0.6666183493095256	LumA_M1	low
1691.0	47	1	0.5610007905471166	0.04818507359303489	0.4665580463047682	0.6554435347894649	LumA_M1	low
1732.0	45	1	0.5485341063127362	0.048700320263186256	0.4530814785968912	0.6439867340285813	LumA_M1	low
1756.0	43	1	0.5357774991891843	0.04921013988743038	0.43932562500982075	0.6322293733685478	LumA_M1	low
1765.0	41	1	0.5227097553065212	0.04971469292247878	0.4252689571784628	0.6201505534345796	LumA_M1	low
1777.0	40	1	0.5096420114238581	0.050159890937566676	0.4113286251862274	0.6079553976614888	LumA_M1	low
1801.0	39	1	0.4965742675411951	0.05054730227437595	0.3975015550834182	0.595646979998972	LumA_M1	low
1910.0	36	1	0.482780537887273	0.050990557229382075	0.3828390457176841	0.5827220300568619	LumA_M1	low
1931.0	34	1	0.46858111030235317	0.051429917153952634	0.36777847268060604	0.5693837479241003	LumA_M1	low
1974.0	33	1	0.4543816827174334	0.051794535850077775	0.352864392451281	0.5558989729835858	LumA_M1	low
2043.0	31	1	0.43972420908138715	0.052156504015512514	0.3374974612109826	0.5419509569517917	LumA_M1	low
2066.0	30	1	0.4250667354453409	0.05243710730540365	0.32229000512674977	0.527843465763932	LumA_M1	low
2244.0	27	1	0.40932352302143943	0.0528054295868923	0.30582488103113054	0.5128221650117484	LumA_M1	low
2302.0	26	1	0.3935803105975379	0.05306939816343038	0.28956429019721436	0.49759633099786144	LumA_M1	low
2424.0	24	1	0.37718113098930717	0.05333180412882702	0.2726507948968062	0.4817114670818081	LumA_M1	low
2592.0	21	1	0.3592201247517211	0.05373158252372491	0.25390622300522026	0.46453402649822195	LumA_M1	low
2606.0	20	1	0.34125911851413504	0.05396350831504572	0.23549064221664545	0.44702759481162463	LumA_M1	low
3102.0	15	1	0.3185085106131927	0.05495281768475117	0.21080098795108038	0.426216033275305	LumA_M1	low
3190.0	12	1	0.29196613472875993	0.05642048063626202	0.18138199268168637	0.4025502767758335	LumA_M1	low
3263.0	11	1	0.2654237588443272	0.057194883061426345	0.15332178804393154	0.3775257296447228	LumA_M1	low
3544.0	10	1	0.23888138295989447	0.0573041378178204	0.1265652728369665	0.35119749308282244	LumA_M1	low
2.0	180	1	0.9944444444444445	0.005540101963574664	0.9835858445958381	1.0	Basal_M3	high
13.0	177	1	0.9888261142498431	0.007857111187388287	0.9734261763225621	1.0	Basal_M3	high
26.0	176	1	0.9832077840552417	0.009613581445229299	0.9643651644225922	1.0	Basal_M3	high
29.0	175	1	0.9775894538606403	0.0110793946470928	0.9558738403523385	0.9993050673689422	Basal_M3	high
42.0	173	1	0.9719386477689603	0.012372752776388496	0.9476880523272389	0.9961892432106818	Basal_M3	high
45.0	172	1	0.9662878416772803	0.013529822178303124	0.9397693902078061	0.9928062931467545	Basal_M3	high
61.0	170	1	0.9606037955497669	0.01459544971363266	0.9319967141110469	0.989210876988487	Basal_M3	high
80.0	164	1	0.9547464553330001	0.015637660224225185	0.9240966412935188	0.9853962693724814	Basal_M3	high
89.0	163	1	0.9488891151162332	0.016602503651476846	0.9163482079593386	0.9814300222731278	Basal_M3	high
100.0	159	1	0.9429212590463197	0.01753790557493561	0.9085469641194459	0.9772955539731936	Basal_M3	high
103.0	158	1	0.9369534029764063	0.018414313766440992	0.9008613479941819	0.9730454579586306	Basal_M3	high
108.0	157	1	0.9309855469064928	0.019239791737387494	0.8932755551012134	0.9686955387117723	Basal_M3	high
113.0	156	1	0.9250176908365795	0.020020640244074992	0.8857772359581925	0.9642581457149665	Basal_M3	high
137.0	154	1	0.9190110824545238	0.020772156044343584	0.8782976566076104	0.9597245083014372	Basal_M3	high
139.0	153	1	0.9130044740724681	0.02148730176006132	0.8708893626227479	0.9551195855221883	Basal_M3	high
149.0	152	1	0.9069978656904124	0.02216959734354233	0.8635454548970695	0.9504502764837554	Basal_M3	high
154.0	151	1	0.9009912573083567	0.022821989288209603	0.8562601583034659	0.9457223563132475	Basal_M3	high
158.0	150	1	0.8949846489263009	0.02344697385627831	0.8490285801679954	0.9409407176846064	Basal_M3	high
166.0	147	1	0.888896317981224	0.02406495170248428	0.8417290126443548	0.9360636233180932	Basal_M3	high
174.0	144	1	0.8827234268841322	0.02467684012132344	0.8343568202463383	0.9310900335219261	Basal_M3	high
180.0	143	1	0.8765505357870403	0.02526455229423957	0.8270320132903308	0.9260690582837499	Basal_M3	high
186.0	142	1	0.8703776446899485	0.025829738543158426	0.819751357145358	0.921003932234539	Basal_M3	high
197.0	141	1	0.8642047535928566	0.026373847085930265	0.8125120133044333	0.91589749388128	Basal_M3	high
229.0	137	1	0.8578966896980182	0.026925148844894366	0.8051233979620253	0.9106699814340112	Basal_M3	high
239.0	135	1	0.8515418994039589	0.027465386224317954	0.7977097424042957	0.905374056403622	Basal_M3	high
241.0	134	1	0.8451871091098995	0.027985934424981186	0.7903346776369363	0.9000395405828626	Basal_M3	high
242.0	133	1	0.8388323188158401	0.02848787278623826	0.7829960881548131	0.894668549476867	Basal_M3	high
243.0	132	1	0.8324775285217807	0.028972168562045823	0.7756920781401708	0.8892629789033906	Basal_M3	high
245.0	131	1	0.8261227382277213	0.02943969244994677	0.7684209410258256	0.883824535429617	Basal_M3	high
251.0	130	1	0.8197679479336619	0.029891231439411522	0.7611811343124153	0.8783547615549085	Basal_M3	high
271.0	127	1	0.8133130822019008	0.030344813237692034	0.7538372482560244	0.8727889161477772	Basal_M3	high
334.0	121	1	0.8065914864812239	0.030829483986266903	0.7461656978681408	0.867017275094307	Basal_M3	high
350.0	120	1	0.799869890760547	0.0312967328284099	0.7385282944168636	0.8612114871042305	Basal_M3	high
359.0	118	1	0.7930913323642712	0.031757106902379345	0.7308474028356077	0.8553352618929347	Basal_M3	high
363.0	117	1	0.7863127739679954	0.03220099513984001	0.723198823493909	0.8494267244420818	Basal_M3	high
365.0	115	1	0.779475271585665	0.032638846224182345	0.7155031329862676	0.8434474101850624	Basal_M3	high
374.0	113	1	0.7725772603326945	0.033070899890949544	0.7077582965464334	0.8373962241189555	Basal_M3	high
386.0	112	1	0.765679249079724	0.03348729973430643	0.7000441416004833	0.8313143565589646	Basal_M3	high
393.0	111	1	0.7587812378267534	0.03388862278907246	0.6923595371601714	0.8252029384933355	Basal_M3	high
396.0	110	1	0.751883226573783	0.03427539865167863	0.684703445216493	0.8190630079310731	Basal_M3	high
402.0	109	1	0.7449852153208126	0.034648114495158804	0.6770749109103014	0.8128955197313239	Basal_M3	high
408.0	108	1	0.7380872040678421	0.03500721940620909	0.6694730540316723	0.8067013541040119	Basal_M3	high
418.0	107	1	0.7311891928148716	0.03535312815276719	0.6618970616354479	0.8004813239942953	Basal_M3	high
431.0	105	1	0.7242254862166347	0.035695684026048044	0.6542619455255806	0.7941890269076889	Basal_M3	high
467.0	102	1	0.7171252363517658	0.03604496730668075	0.6464771004306715	0.7877733722728602	Basal_M3	high
478.0	100	1	0.7099539839882482	0.03639089708430323	0.6386278257030138	0.7812801422734825	Basal_M3	high
500.0	99	1	0.7027827316247305	0.03672310476778097	0.6308054462798798	0.7747600169695812	Basal_M3	high
511.0	98	1	0.6956114792612128	0.0370419595552785	0.6230092385328669	0.7682137199895587	Basal_M3	high
526.0	97	1	0.6884402268976951	0.03734780344717427	0.6152385321412336	0.7616419216541567	Basal_M3	high
543.0	96	1	0.6812689745341775	0.03764095359694064	0.6074927054841738	0.7550452435841811	Basal_M3	high
578.0	92	1	0.6738638769848929	0.03795322537214777	0.5994755552554833	0.7482521987143025	Basal_M3	high
585.0	91	1	0.6664587794356084	0.03825174455591359	0.5914853601060177	0.7414321987651991	Basal_M3	high
593.0	90	1	0.6590536818863238	0.03853683074608639	0.5835214936239945	0.7345858701486532	Basal_M3	high
597.0	89	1	0.6516485843370393	0.03880877997688119	0.5755833755823522	0.7277137930917265	Basal_M3	high
623.0	87	1	0.6441583707239699	0.03907883497152032	0.56756385417979	0.7207528872681497	Basal_M3	high
669.0	82	1	0.6363027808370921	0.03938391168284958	0.5591103139387069	0.7134952477354773	Basal_M3	high
695.0	78	1	0.6281450528776422	0.03971487356519493	0.5503039006898601	0.7059862050654243	Basal_M3	high
720.0	77	1	0.6199873249181923	0.04002815740262124	0.5415321364090547	0.6984425134273299	Basal_M3	high
723.0	76	1	0.6118295969587424	0.04032417522642347	0.5327942135149524	0.6908649804025324	Basal_M3	high
790.0	69	1	0.6029625013506447	0.04070300920881714	0.5231846033013631	0.6827403993999263	Basal_M3	high
810.0	68	2	0.5852283101344492	0.04139249774103332	0.5040990145620239	0.6663576057068745	Basal_M3	high
863.0	64	1	0.5760841177885985	0.04174356327500729	0.4942667337695842	0.6579015018076128	Basal_M3	high
885.0	61	1	0.5666401158576378	0.04211399357636003	0.48409668844797216	0.6491835432673035	Basal_M3	high
942.0	59	1	0.5570360460973389	0.04248118542648464	0.473772922661429	0.6402991695332488	Basal_M3	high
971.0	58	1	0.54743197633704	0.04282062668000501	0.46350354804423016	0.6313604046298498	Basal_M3	high
993.0	57	1	0.5378279065767411	0.04313297250406761	0.45328728046876854	0.6223685326847136	Basal_M3	high
1047.0	51	1	0.5272822613497461	0.04355731488381595	0.44190992417746683	0.6126545985220253	Basal_M3	high
1052.0	50	1	0.5167366161227511	0.043944230669712515	0.4306059240101146	0.6028673082353877	Basal_M3	high
1117.0	47	1	0.505742220035033	0.04436327569625545	0.41879019967037234	0.5926942403996937	Basal_M3	high
1126.0	46	2	0.4837534278595968	0.04507686730100251	0.3954027679496319	0.5721040877695617	Basal_M3	high
1155.0	44	1	0.4727590317718787	0.045373371921131694	0.3838272228064606	0.5616908407372968	Basal_M3	high
1168.0	43	1	0.4617646356841606	0.04563076254902155	0.37232834108807833	0.5512009302802429	Basal_M3	high
1187.0	42	1	0.45077023959644247	0.04584969792275331	0.360904831667846	0.5406356475250389	Basal_M3	high
1756.0	35	1	0.43789108989368697	0.046313267459107486	0.3471170856738363	0.5286650941135377	Basal_M3	high
1777.0	34	1	0.42501194019093147	0.04670756268786692	0.33346511732271233	0.5165587630591506	Basal_M3	high
1801.0	33	1	0.41213279048817597	0.047034325849472015	0.31994551182321085	0.5043200691531411	Basal_M3	high
1910.0	31	1	0.39883818434339613	0.047358742490599424	0.30601504906182125	0.491661319624971	Basal_M3	high
1974.0	29	1	0.3850851435039687	0.04768083350029413	0.29163070984339223	0.4785395771645452	Basal_M3	high
2043.0	26	1	0.37027417644612376	0.04809231694202845	0.27601323523974797	0.46453511765249955	Basal_M3	high
2227.0	24	1	0.3548460857608686	0.04850005502060915	0.2597859779204747	0.44990619360126255	Basal_M3	high
2244.0	23	1	0.3394179950756135	0.048783552848694935	0.24380223149217142	0.4350337586590556	Basal_M3	high
2302.0	22	1	0.32398990439035835	0.04894496933772059	0.228057764488426	0.41992204429229074	Basal_M3	high
2424.0	20	1	0.30779040917084044	0.04910540203766658	0.21154382117701395	0.4040369971646669	Basal_M3	high
2592.0	17	1	0.28968509098432044	0.04944205874779359	0.192778655838645	0.38659152612999587	Basal_M3	high
2694.0	15	1	0.2703727515853657	0.049774974573077314	0.1728138014221342	0.36793170174859724	Basal_M3	high
2752.0	14	1	0.25106041218641106	0.04982548740767515	0.15340245686736775	0.3487183675054544	Basal_M3	high
3190.0	8	1	0.21967786066310968	0.05255931096472059	0.11666161117225732	0.32269411015396204	Basal_M3	high
3263.0	7	1	0.18829530913980833	0.053607346582240686	0.08322490983861658	0.2933657084410001	Basal_M3	high
7.0	180	2	0.9888888888888889	0.007812971522121846	0.9735754647055301	1.0	Basal_M3	low
11.0	178	1	0.9833333333333334	0.009541980020732038	0.9646310524926986	1.0	Basal_M3	low
16.0	176	1	0.9777462121212122	0.01100255562266319	0.9561812031007924	0.999311221141632	Basal_M3	low
18.0	175	1	0.972159090909091	0.012276572406246354	0.9480970089928482	0.9962211728253338	Basal_M3	low
20.0	174	1	0.9665719696969698	0.013417279238507529	0.940274102389495	0.9928698370044445	Basal_M3	low
21.0	173	2	0.9553977272727274	0.015414121554841481	0.9251860490252382	0.9856094055202167	Basal_M3	low
35.0	170	1	0.9497777406417114	0.016315838551575132	0.9177986970806241	0.9817567842027987	Basal_M3	low
36.0	169	1	0.9441577540106953	0.01715992118678148	0.9105243084846036	0.9777911995367871	Basal_M3	low
39.0	167	1	0.9385041147651223	0.01796438669934604	0.9032939168344041	0.9737143126958405	Basal_M3	low
43.0	165	2	0.9271283073134239	0.019464411364175673	0.8889780610396396	0.9652785535872082	Basal_M3	low
45.0	163	1	0.9214404035875747	0.020158936195315343	0.8819288886447567	0.9609519185303927	Basal_M3	low
47.0	162	1	0.9157524998617255	0.02082147128306814	0.8749424161469119	0.956562583576539	Basal_M3	low
60.0	161	1	0.9100645961358762	0.021454980385643793	0.8680128345800143	0.9521163576917381	Basal_M3	low
61.0	160	1	0.904376692410027	0.022061964087473743	0.8611352427985786	0.9476181420214755	Basal_M3	low
79.0	157	1	0.898616331311874	0.022660980375282174	0.854200809776321	0.9430318528474271	Basal_M3	low
84.0	156	1	0.892855970213721	0.02323632068685944	0.8473127816674765	0.9383991587599655	Basal_M3	low
94.0	154	2	0.8812604381330233	0.02433821451485045	0.8335575376839165	0.9289633385821302	Basal_M3	low
96.0	152	1	0.8754626720926746	0.02485906692133505	0.8267389009268579	0.9241864432584913	Basal_M3	low
101.0	151	1	0.8696649060523257	0.025361520393650323	0.8199563260807711	0.9193734860238804	Basal_M3	low
113.0	148	1	0.8637887918222424	0.025861931774702075	0.8130994055438264	0.9144781781006585	Basal_M3	low
138.0	145	2	0.851874463659177	0.0268423667041801	0.799263424918984	0.90448550239937	Basal_M3	low
142.0	143	1	0.8459172995776443	0.027307698957009165	0.7923942096219063	0.8994403895333822	Basal_M3	low
149.0	141	1	0.8399178861054624	0.027765233134292803	0.7854980291622484	0.8943377430486763	Basal_M3	low
152.0	140	1	0.8339184726332806	0.028207630148669532	0.7786315175418883	0.8892054277246728	Basal_M3	low
170.0	136	2	0.8216549656827912	0.029095212117344837	0.7646283499327953	0.8786815814327871	Basal_M3	low
176.0	132	1	0.8154303068518609	0.0295331434817894	0.7575453456275537	0.8733152680761681	Basal_M3	low
181.0	130	1	0.8091577660299235	0.02996467466115008	0.7504270036940693	0.8678885283657777	Basal_M3	low
187.0	129	2	0.7966126843860487	0.030785155539040723	0.7362737795295289	0.8569515892425685	Basal_M3	low
191.0	127	1	0.7903401435641113	0.031175225932536226	0.7292367007363403	0.8514435863918823	Basal_M3	low
210.0	124	1	0.7839664327289169	0.0315686359336932	0.7220919062988782	0.8458409591589555	Basal_M3	low
241.0	121	1	0.7774873713014052	0.03196569685376603	0.7148346054680238	0.8401401371347866	Basal_M3	low
264.0	120	1	0.7710083098738936	0.03234926670212856	0.7076037471377216	0.8344128726100656	Basal_M3	low
290.0	118	1	0.7644743411461488	0.032728340798266635	0.7003267931815461	0.8286218891107514	Basal_M3	low
292.0	116	1	0.7578840451017854	0.03310307354303474	0.6930020209574373	0.8227660692461335	Basal_M3	low
305.0	115	1	0.7512937490574221	0.03346480306088242	0.6857027350580925	0.8168847630567516	Basal_M3	low
309.0	114	1	0.7447034530130587	0.03381394666600928	0.6784281175476805	0.810978788478437	Basal_M3	low
314.0	112	1	0.7380543150397278	0.034159521073101336	0.6711016537364493	0.8050069763430064	Basal_M3	low
317.0	110	1	0.7313447303575485	0.034501633475083	0.6637215287463859	0.7989679319687112	Basal_M3	low
326.0	109	1	0.7246351456753692	0.034831406773759475	0.6563655883988007	0.7929047029519378	Basal_M3	low
337.0	108	1	0.7179255609931898	0.03514918827105461	0.6490331519819228	0.7868179700044569	Basal_M3	low
348.0	107	1	0.7112159763110105	0.035455300411557714	0.6417235875043574	0.7807083651176636	Basal_M3	low
356.0	106	1	0.7045063916288312	0.03575004295547604	0.6344363074360981	0.7745764758215643	Basal_M3	low
361.0	105	1	0.6977968069466519	0.036033694901408266	0.6271707649398917	0.7684228489534122	Basal_M3	low
392.0	103	1	0.6910220806656164	0.03631513037966709	0.619844425121469	0.7621997362097639	Basal_M3	low
403.0	100	1	0.6841118598589603	0.03660353042470905	0.6123689402265305	0.75585477949139	Basal_M3	low
407.0	98	1	0.6771311265950933	0.03688967467855762	0.6048273642251204	0.7494348889650663	Basal_M3	low
421.0	97	1	0.6701503933312264	0.03716399152431632	0.5973089699435664	0.7429918167188864	Basal_M3	low
436.0	96	1	0.6631696600673594	0.037426741027526314	0.5898132476534079	0.736526072481311	Basal_M3	low
443.0	95	1	0.6561889268034925	0.03767816518430818	0.5823397230422485	0.7300381305647365	Basal_M3	low
445.0	93	1	0.649133131891627	0.037927921343313346	0.5747944060587329	0.7234718577245212	Basal_M3	low
468.0	91	1	0.6419998007719389	0.038176042124691584	0.5671747582075434	0.7168248433363343	Basal_M3	low
491.0	89	1	0.6347863198643889	0.03842255908116745	0.5594781040653007	0.7100945356634771	Basal_M3	low
493.0	88	1	0.627572838956839	0.038657141339396066	0.5518048419316227	0.7033408359820553	Basal_M3	low
500.0	87	1	0.6203593580492891	0.03888000492375162	0.5441545483987359	0.6965641676998423	Basal_M3	low
506.0	86	1	0.6131458771417392	0.0390913502626415	0.5365268306269618	0.6897649236565165	Basal_M3	low
507.0	85	1	0.6059323962341894	0.03929136322387858	0.5289213243153874	0.6829434681529913	Basal_M3	low
524.0	84	1	0.5987189153266396	0.03948021604264165	0.5213376918830619	0.6761001387702172	Basal_M3	low
541.0	83	1	0.5915054344190896	0.03965806815397372	0.5137756208373012	0.6692352480008781	Basal_M3	low
571.0	81	1	0.5842028981916935	0.03983512422043965	0.5061260547196318	0.6622797416637551	Basal_M3	low
577.0	79	1	0.5768079247968619	0.04001139460667276	0.4983855913677833	0.6552302582259405	Basal_M3	low
635.0	77	1	0.5693169127865131	0.04018688942219005	0.4905506095190206	0.6480832160540055	Basal_M3	low
636.0	76	1	0.5618259007761642	0.0403502534416515	0.4827394040305273	0.6409123975218012	Basal_M3	low
697.0	75	1	0.5543348887658154	0.04050163345463264	0.4749516871947354	0.6337180903368953	Basal_M3	low
714.0	73	1	0.546741260152585	0.040652446935526464	0.4670624641589531	0.6264200561462168	Basal_M3	low
726.0	72	1	0.5391476315393546	0.0407908862517106	0.45919749448600183	0.6190977685927074	Basal_M3	low
748.0	69	1	0.5313338977489293	0.04094125783979857	0.4510890323829241	0.6115787631149344	Basal_M3	low
774.0	67	1	0.5234035410661094	0.04109107522991257	0.4428650336154808	0.603942048516738	Basal_M3	low
795.0	66	1	0.5154731843832896	0.04122663945626081	0.4346689710490184	0.5962773977175608	Basal_M3	low
797.0	65	1	0.5075428277004698	0.04134809071073808	0.42650056990742313	0.5885850854935164	Basal_M3	low
821.0	64	1	0.49961247101764994	0.04145555303274878	0.4183595870734623	0.5808653549618376	Basal_M3	low
826.0	62	1	0.49155420535607497	0.04156273256349607	0.4100912495316227	0.5730171611805273	Basal_M3	low
841.0	60	1	0.48336163526680703	0.04166963080791598	0.4016891588832917	0.5650341116503224	Basal_M3	low
846.0	59	1	0.47516906517753915	0.041760962059230716	0.39331757954144697	0.5570205508136313	Basal_M3	low
898.0	54	2	0.4575702109117044	0.0420275025949402	0.37519630582562163	0.5399441159977872	Basal_M3	low
903.0	52	1	0.448770783778787	0.042130393297377	0.36619521291592805	0.5313463546416459	Basal_M3	low
994.0	49	1	0.4396121963547301	0.04225434223858545	0.3567936855671026	0.5224307071423575	Basal_M3	low
1013.0	48	1	0.4304536089306732	0.04235497255457217	0.34743786272371174	0.5134693551376346	Basal_M3	low
1016.0	47	1	0.4212950215066163	0.042432450148922995	0.3381274192147272	0.5044626237985054	Basal_M3	low
1137.0	44	1	0.4117201346541932	0.04253464714129868	0.3283522262572478	0.4950880430511386	Basal_M3	low
1174.0	41	1	0.4016781801504324	0.042666149499296056	0.3180525271318121	0.4853038331690527	Basal_M3	low
1202.0	37	1	0.3908220131193396	0.042871914835240235	0.30679306004226875	0.4748509661964105	Basal_M3	low
1235.0	36	1	0.37996584608824685	0.0430335996159489	0.295619990840987	0.4643117013355067	Basal_M3	low
1250.0	35	1	0.3691096790571541	0.043151699339578735	0.28453234835157976	0.4536870097627284	Basal_M3	low
1308.0	34	1	0.3582535120260613	0.043226571245044386	0.2735294323857743	0.4429775916663483	Basal_M3	low
1317.0	33	1	0.34739734499496855	0.04325843978964443	0.26261080300726547	0.43218388698267163	Basal_M3	low
1319.0	32	1	0.3365411779638758	0.04324740003962762	0.25177627388620566	0.4213060820415459	Basal_M3	low
1351.0	30	1	0.3253231386984133	0.04323628314897141	0.24058002372642934	0.41006625367039723	Basal_M3	low
1363.0	29	1	0.3141050994329508	0.04317616738076068	0.22947981136665985	0.3987303874992417	Basal_M3	low
1607.0	26	1	0.302024134070145	0.04317263943962716	0.2174057607684758	0.3866425073718142	Basal_M3	low
1615.0	25	1	0.2899431687073392	0.043102906984293324	0.2054614710181243	0.37442486639655415	Basal_M3	low
1646.0	24	1	0.27786220334453343	0.04296664767734664	0.19364757389693402	0.3620768327921329	Basal_M3	low
1681.0	23	1	0.26578123798172765	0.04276322558673325	0.18196531583173048	0.3495971601317248	Basal_M3	low
1691.0	22	1	0.25370027261892186	0.04249167613020743	0.1704165874037153	0.33698395783412843	Basal_M3	low
1715.0	20	1	0.24101525898797577	0.04221807947960573	0.15826782320794852	0.323762694768003	Basal_M3	low
1732.0	19	1	0.2283302453570297	0.041858412358308755	0.14628775713474454	0.31037273357931483	Basal_M3	low
1765.0	16	1	0.21405960502221535	0.04160382279875392	0.13251611233665767	0.29560309770777304	Basal_M3	low
1931.0	14	1	0.19876963323491426	0.041346405172757485	0.11773067909630959	0.27980858737351894	Basal_M3	low
1965.0	13	1	0.18347966144761316	0.040895437224275216	0.10332460448803374	0.26363471840719255	Basal_M3	low
2066.0	12	1	0.16818968966031206	0.0402444128623408	0.08931064045012409	0.24706873887050002	Basal_M3	low
2333.0	8	1	0.14716597845277304	0.04033314893825329	0.06811300653379661	0.2262189503717495	Basal_M3	low
2606.0	7	1	0.12614226724523406	0.039674006989954165	0.04838121354492389	0.20390332094554423	Basal_M3	low
2831.0	6	1	0.10511855603769506	0.03822832129096661	0.030191046307400507	0.1800460657679896	Basal_M3	low
3102.0	5	1	0.08409484483015606	0.035901198552898465	0.013728495666475063	0.15446119399383706	Basal_M3	low
3544.0	4	1	0.06307113362261704	0.03250386680176276	0.0	0.12677871255407205	Basal_M3	low
2.0	180	1	0.9944444444444445	0.005540101963574664	0.9835858445958381	1.0	LumA_M2	high
7.0	178	2	0.983270911360799	0.00957754711682907	0.9644989190118141	1.0	LumA_M2	high
16.0	175	1	0.9776522204387373	0.011048681250862148	0.9559968051870475	0.9993076356904271	LumA_M2	high
18.0	174	1	0.9720335295166755	0.01233136245727229	0.9478640591004218	0.9962029999329293	LumA_M2	high
20.0	173	1	0.9664148385946137	0.013479496903946231	0.9399950246628791	0.9928346525263484	LumA_M2	high
21.0	172	2	0.9551774567504903	0.015488740827757386	0.9248195247280858	0.9855353887728947	LumA_M2	high
35.0	168	1	0.9494918766507849	0.01640692025972312	0.9173343129417276	0.9816494403598423	LumA_M2	high
39.0	166	1	0.9437720460685514	0.01727636994994302	0.909910360966663	0.9776337311704397	LumA_M2	high
42.0	164	1	0.9380173384705723	0.01810411197778061	0.9025332789941224	0.9735013979470223	LumA_M2	high
45.0	163	1	0.9322626308725934	0.018885526607892396	0.8952469987211243	0.9692782630240625	LumA_M2	high
47.0	162	1	0.9265079232746144	0.01962614819335344	0.8880406728156417	0.9649751737335871	LumA_M2	high
60.0	160	1	0.9207172487541481	0.02033981944408485	0.8808512026437417	0.9605832948645544	LumA_M2	high
80.0	154	1	0.9147385653206797	0.021068113637661378	0.8734450625908634	0.9560320680504959	LumA_M2	high
89.0	152	1	0.90872054844357	0.021772058929077763	0.8660473129425775	0.9513937839445624	LumA_M2	high
94.0	151	1	0.9027025315664602	0.022444188062252308	0.8587119229644457	0.9466931401684747	LumA_M2	high
96.0	150	1	0.8966845146893504	0.023087279951024036	0.8514334459853433	0.9419355833933575	LumA_M2	high
101.0	147	1	0.8905846200315997	0.023722368132442526	0.8440887784920124	0.937080461571187	LumA_M2	high
103.0	146	1	0.8844847253738489	0.024331504196130543	0.8367949771494331	0.9321744735982648	LumA_M2	high
113.0	145	1	0.8783848307160982	0.02491659156952525	0.8295483112398288	0.9272213501923676	LumA_M2	high
149.0	142	2	0.8660132133820686	0.026056130408711037	0.814943197780995	0.9170832289831422	LumA_M2	high
152.0	140	1	0.8598274047150538	0.026594145952694184	0.8077028786477732	0.9119519307823344	LumA_M2	high
154.0	139	1	0.853641596048039	0.027112689131435636	0.8005007253504252	0.9067824667456529	LumA_M2	high
187.0	135	1	0.8473183249662016	0.027639382921613612	0.7931451344398389	0.9014915154925643	LumA_M2	high
191.0	134	1	0.8409950538843642	0.028147138075835937	0.7858266632557258	0.8961634445130027	LumA_M2	high
210.0	130	1	0.8345258611621769	0.02866440567135105	0.7783436260463288	0.8907080962780249	LumA_M2	high
229.0	128	1	0.8280061278718474	0.02917250223035369	0.7708280235003542	0.8851842322433405	LumA_M2	high
239.0	126	1	0.8214346506665152	0.02967189884823871	0.7632777289239674	0.879591572409063	LumA_M2	high
242.0	125	1	0.8148631734611831	0.0301534412812214	0.7557624285499891	0.8739639183723771	LumA_M2	high
243.0	124	1	0.808291696255851	0.03061797194295961	0.7482804712476501	0.8683029212640518	LumA_M2	high
290.0	121	1	0.8016115995925794	0.031085107789274577	0.7406847883256013	0.8625384108595576	LumA_M2	high
326.0	117	1	0.7947602183994805	0.03156544085176936	0.7328919543300125	0.8566284824689485	LumA_M2	high
334.0	116	1	0.7879088372063816	0.032028252297840655	0.7251334627026139	0.8506842117101493	LumA_M2	high
356.0	115	1	0.7810574560132827	0.03247429127068944	0.7174078451227314	0.844707066903834	LumA_M2	high
361.0	114	1	0.7742060748201837	0.03290423986365392	0.709713764687422	0.8386983849529454	LumA_M2	high
386.0	112	1	0.7672935205807178	0.0333286415670866	0.7019693831092281	0.8326176580522074	LumA_M2	high
392.0	111	1	0.7603809663412519	0.03373762060236616	0.6942552299606142	0.8265067027218895	LumA_M2	high
393.0	110	1	0.753468412101786	0.03413173137434547	0.6865702186080689	0.820366605595503	LumA_M2	high
396.0	109	1	0.74655585786232	0.034511483260085525	0.6789133506725524	0.8141983650520876	LumA_M2	high
403.0	108	1	0.7396433036228541	0.0348773452904784	0.6712837068535165	0.8080029003921918	LumA_M2	high
407.0	107	1	0.7327307493833882	0.03522975020789612	0.6636804389759119	0.8017810597908646	LumA_M2	high
408.0	106	1	0.7258181951439223	0.03556909799825777	0.6561027630673371	0.7955336272205076	LumA_M2	high
418.0	105	1	0.7189056409044564	0.0358957589780183	0.6485499533075405	0.7892613285013723	LumA_M2	high
431.0	104	1	0.7119930866649905	0.03621007650234539	0.6410213367203935	0.7829648366095875	LumA_M2	high
443.0	102	1	0.705012762285922	0.036521687943808986	0.6334302539160565	0.7765952706557876	LumA_M2	high
445.0	101	1	0.6980324379068534	0.03682111351569349	0.6258630554160942	0.7702018203976126	LumA_M2	high
467.0	100	1	0.6910521135277848	0.037108648198466834	0.6183191630587899	0.7637850639967798	LumA_M2	high
468.0	99	1	0.6840717891487164	0.037384566361146045	0.6107980390808702	0.7573455392165626	LumA_M2	high
478.0	97	1	0.6770195026626471	0.03765846176015862	0.6032089176127362	0.750830087712558	LumA_M2	high
500.0	95	2	0.6627664605013283	0.03819047646904951	0.5879131266219912	0.7376197943806653	LumA_M2	high
507.0	93	1	0.6556399394206688	0.038438996724812054	0.5802995058400372	0.7309803730013004	LumA_M2	high
511.0	92	1	0.6485134183400093	0.038676162073573946	0.5727081406758043	0.7243186960042143	LumA_M2	high
543.0	91	1	0.6413868972593499	0.038902180189891264	0.5651386240871631	0.7176351704315368	LumA_M2	high
571.0	89	1	0.6341803029081212	0.039126891195396585	0.5574915961651439	0.7108690096510986	LumA_M2	high
577.0	87	1	0.6268908741390624	0.03935031734286415	0.5497642521470487	0.7040174961310761	LumA_M2	high
578.0	86	1	0.6196014453700035	0.03956215799706596	0.5420596156957542	0.6971432750442528	LumA_M2	high
585.0	85	1	0.6123120166009447	0.03976259832830961	0.5343773238774578	0.6902467093244316	LumA_M2	high
597.0	84	1	0.6050225878318859	0.03995180992502285	0.5267170403788412	0.6833281352849306	LumA_M2	high
623.0	82	1	0.5976442635900336	0.040140127673305194	0.5189696133503554	0.6763189138297119	LumA_M2	high
635.0	80	1	0.5901737102951582	0.04032756389868404	0.5111316850537375	0.6692157355365789	LumA_M2	high
636.0	79	1	0.5827031570002827	0.04050312642920749	0.5033170291990361	0.6620892848015294	LumA_M2	high
714.0	74	1	0.5748287900137925	0.0407140350076522	0.4950292813987942	0.6546282986287908	LumA_M2	high
720.0	73	1	0.5669544230273021	0.04091070000991083	0.48676945100787694	0.6471393950467274	LumA_M2	high
723.0	72	1	0.5590800560408119	0.0410933259377984	0.47853713720272706	0.6396229748788967	LumA_M2	high
726.0	70	1	0.5510931980973718	0.04127514030649476	0.47019392309664204	0.6319924730981015	LumA_M2	high
748.0	67	1	0.5428679264839782	0.041470558166758806	0.4615856324771309	0.6241502204908255	LumA_M2	high
774.0	63	1	0.5342509752699468	0.041697921989878824	0.4525230481697843	0.6159789023701093	LumA_M2	high
795.0	62	1	0.5256340240559154	0.041906271848687886	0.44349773123248715	0.6077703168793437	LumA_M2	high
810.0	61	2	0.5084001216278526	0.04226702874975011	0.4255567452783424	0.5912434979773629	LumA_M2	high
821.0	59	1	0.49978317041382125	0.042419911556086036	0.41664014376389263	0.5829261970637499	LumA_M2	high
841.0	57	1	0.4910150446170875	0.04257223793960364	0.40757345825546437	0.5744566309787107	LumA_M2	high
863.0	56	1	0.48224691882035375	0.042705411121196454	0.3985443130228087	0.5659495246178988	LumA_M2	high
898.0	52	2	0.4636989604041863	0.04302974381275206	0.37936066253119227	0.5480372582771803	LumA_M2	high
1047.0	44	1	0.4531603476677275	0.04332310796986768	0.36824705604678687	0.5380736392886681	LumA_M2	high
1052.0	43	1	0.4426217349312687	0.04357853822855534	0.35720780000330027	0.5280356698592372	LumA_M2	high
1187.0	38	1	0.4309737945383406	0.04396084887500345	0.34481053074333384	0.5171370583333473	LumA_M2	high
1202.0	35	1	0.41866025755153086	0.044395868589775685	0.3316443551155705	0.5056761599874912	LumA_M2	high
1308.0	32	1	0.4055771245030455	0.044894879807022676	0.31758316008128107	0.49357108892480994	LumA_M2	high
1317.0	31	1	0.39249399145456015	0.045312899827504936	0.3036807077926505	0.4813072751164698	LumA_M2	high
1607.0	28	1	0.37847634890261156	0.045811495753237425	0.2886858172262662	0.46826688057895693	LumA_M2	high
1615.0	27	1	0.364458706350663	0.046209630960625206	0.27388782966783765	0.4550295830334884	LumA_M2	high
1681.0	25	1	0.3498803580966365	0.04660415464664579	0.25853621498921076	0.4412245012040622	LumA_M2	high
1974.0	20	1	0.33238634019180463	0.04744387215124096	0.23939635077537236	0.4253763296082369	LumA_M2	high
2066.0	19	1	0.31489232228697284	0.04806402447761011	0.22068683431085703	0.40909781026308867	LumA_M2	high
2244.0	17	1	0.2963692445053862	0.04867528573630705	0.2009656844622244	0.391772804548548	LumA_M2	high
2592.0	13	1	0.2735716103126642	0.04998550245703436	0.17560002549687684	0.3715431951284516	LumA_M2	high
2831.0	10	1	0.24621444928139777	0.05193648720298814	0.14441893436354103	0.3480099641992545	LumA_M2	high
3102.0	8	1	0.21543764312122304	0.05379596829426085	0.10999754526447178	0.3208777409779743	LumA_M2	high
3190.0	6	1	0.17953136926768587	0.05553476643291024	0.0706832270591818	0.28837951147618995	LumA_M2	high
3544.0	5	1	0.1436250954141487	0.05482006003828542	0.03617777773910927	0.25107241308918815	LumA_M2	high
11.0	179	1	0.994413407821229	0.005570965316891304	0.983494315800122	1.0	LumA_M2	low
13.0	178	1	0.988826815642458	0.00785637282110605	0.9734283249130902	1.0	LumA_M2	low
26.0	177	1	0.9832402234636871	0.009594832881641244	0.9644343510156703	1.0	LumA_M2	low
29.0	176	1	0.9776536312849161	0.011047638975330268	0.9560002588932688	0.9993070036765634	LumA_M2	low
36.0	175	1	0.9720670391061452	0.01231629492225852	0.9479271010585185	0.9962069771537719	LumA_M2	low
43.0	174	2	0.9608938547486033	0.014488842683882197	0.9324957230881943	0.9892919864090124	LumA_M2	low
45.0	172	1	0.9553072625698323	0.01544413190638139	0.9250367640333248	0.9855777611063399	LumA_M2	low
61.0	171	2	0.9441340782122905	0.017165790419586175	0.9104891289899015	0.9777790274346794	LumA_M2	low
79.0	167	1	0.9384805807379654	0.017969881916990286	0.9032596121806644	0.9737015492952663	LumA_M2	low
84.0	166	1	0.9328270832636403	0.018729850609920214	0.8961165760681966	0.9695375904590839	LumA_M2	low
94.0	165	1	0.9271735857893152	0.01945086897820298	0.8890498825920373	0.9652972889865931	LumA_M2	low
100.0	163	1	0.9214854042814054	0.020146098628727883	0.8819990509690987	0.960971757593712	LumA_M2	low
108.0	161	1	0.9157618924535705	0.020818123379597486	0.8749583706295595	0.9565654142775816	LumA_M2	low
113.0	159	1	0.910002383696001	0.021469122398443206	0.8679229037950522	0.9520818635969497	LumA_M2	low
137.0	156	1	0.9041690350825651	0.02210978771153288	0.8608338511679606	0.9475042189971695	LumA_M2	low
138.0	155	2	0.8925023378556932	0.02331279856933837	0.84680925265979	0.9381954230515964	LumA_M2	low
139.0	153	1	0.8866689892422573	0.023879090131961177	0.8398659725836134	0.9334720059009013	LumA_M2	low
142.0	152	1	0.8808356406288215	0.024424105675093368	0.8329643935056384	0.9287068877520045	LumA_M2	low
158.0	149	1	0.8749239920339972	0.024965368856877394	0.8259918690745175	0.9238561149934769	LumA_M2	low
166.0	145	1	0.8688900334682454	0.02551195848067295	0.8188865948461265	0.9188934720903644	LumA_M2	low
170.0	144	2	0.8568221163367421	0.02654641392844461	0.8047911450369907	0.9088530876364935	LumA_M2	low
174.0	140	1	0.8507019583629083	0.027053087068518503	0.797677907708612	0.9037260090172046	LumA_M2	low
176.0	139	1	0.8445818003890745	0.02754203635046264	0.7905994091421678	0.8985641916359812	LumA_M2	low
180.0	138	1	0.8384616424152406	0.028014189826593316	0.7835538303551177	0.8933694544753634	LumA_M2	low
181.0	137	1	0.8323414844414067	0.028470383135241455	0.7765395334963334	0.8881434353864799	LumA_M2	low
186.0	136	1	0.8262213264675728	0.0289113717940072	0.7695550377513187	0.882887615183827	LumA_M2	low
187.0	135	1	0.8201011684937389	0.029337841452159126	0.7625989992475071	0.8776033377399708	LumA_M2	low
197.0	134	1	0.813981010519905	0.02975041650211933	0.7556701941757511	0.8722918268640589	LumA_M2	low
241.0	130	2	0.8014582257426758	0.03058213654834296	0.7415172381079236	0.861399213377428	LumA_M2	low
245.0	128	1	0.7951968333540611	0.030977562158509386	0.7344808115233827	0.8559128551847395	LumA_M2	low
251.0	127	1	0.7889354409654464	0.03136005785047338	0.7274697275785186	0.8504011543523743	LumA_M2	low
264.0	126	1	0.7826740485768318	0.03173009122526544	0.7204830697753115	0.844865027378352	LumA_M2	low
271.0	123	1	0.7763108449298656	0.03210382682956569	0.7133873443439168	0.8392343455158143	LumA_M2	low
292.0	121	1	0.7698950528230072	0.032473260757848746	0.7062474617376236	0.8335426439083907	LumA_M2	low
305.0	119	1	0.7634253464967634	0.03283853815128978	0.6990618117202354	0.8277888812732914	LumA_M2	low
309.0	118	1	0.7569556401705196	0.0331914441213049	0.691900409692762	0.8220108706482773	LumA_M2	low
314.0	117	1	0.7504859338442759	0.03353236927327404	0.6847624900686587	0.816209377619893	LumA_M2	low
317.0	115	1	0.7439599692021518	0.03386986222016666	0.6775750392506251	0.8103448991536785	LumA_M2	low
337.0	113	1	0.7373762526605399	0.034204024510095375	0.670336364620753	0.8044161407003267	LumA_M2	low
348.0	112	1	0.7307925361189279	0.03452644674433093	0.6631207005000392	0.7984643717378166	LumA_M2	low
350.0	111	1	0.724208819577316	0.03483745488865136	0.6559274079955593	0.7924902311590727	LumA_M2	low
359.0	109	1	0.717564701966515	0.035145710168580827	0.6486791100360966	0.7864502938969334	LumA_M2	low
363.0	108	1	0.7109205843557139	0.03544274166803288	0.6414528106863695	0.7803883580250583	LumA_M2	low
365.0	107	1	0.7042764667449128	0.03572882931468513	0.63424796128813	0.7743049722016957	LumA_M2	low
374.0	105	1	0.6975690718235328	0.03601264341653657	0.6269842907271211	0.7681538529199444	LumA_M2	low
402.0	101	1	0.6906624473500325	0.036312331178659035	0.6194902782398608	0.7618346164602041	LumA_M2	low
421.0	99	1	0.6836860589929614	0.03660956461134967	0.6119313123547161	0.7554408056312067	LumA_M2	low
436.0	97	1	0.676637749106436	0.036904402923753674	0.6043051193758788	0.7489703788369932	LumA_M2	low
491.0	93	1	0.6693620743848615	0.0372178685992365	0.5964150519303579	0.7423090968393651	LumA_M2	low
493.0	92	1	0.6620863996632869	0.037517743389351786	0.5885516226201574	0.7356211767064164	LumA_M2	low
506.0	91	1	0.6548107249417123	0.03780435071571006	0.5807141975389206	0.728907252344504	LumA_M2	low
524.0	90	1	0.6475350502201378	0.038077990166124925	0.572902189494533	0.7221679109457426	LumA_M2	low
526.0	89	1	0.6402593754985632	0.03833893941144625	0.5651150542521285	0.7154036967449978	LumA_M2	low
541.0	88	1	0.6329837007769886	0.038587455906622395	0.5573522872000087	0.7086151143539685	LumA_M2	low
593.0	84	1	0.6254481805296436	0.03885689975113835	0.5492886570174124	0.7016077040418748	LumA_M2	low
669.0	81	1	0.6177265980539689	0.039136876158005506	0.5410183207842781	0.6944348753236597	LumA_M2	low
695.0	79	1	0.6099072740279693	0.039414861290442464	0.5326541458987021	0.6871604021572365	LumA_M2	low
697.0	78	1	0.6020879500019697	0.039677581334353264	0.5243198905866373	0.6798560094173021	LumA_M2	low
790.0	73	1	0.5938401698649564	0.03998209732123302	0.5154752591153396	0.6722050806145731	LumA_M2	low
797.0	72	1	0.5855923897279431	0.04026850972767249	0.5066661106617051	0.6645186687941812	LumA_M2	low
826.0	71	1	0.5773446095909298	0.040537202283748366	0.497891693114783	0.6567975260670766	LumA_M2	low
846.0	67	1	0.5687275258656921	0.04083777681752182	0.4886854833033493	0.6487695684280348	LumA_M2	low
885.0	63	1	0.5597001048202049	0.04117525170833995	0.4789966114718586	0.6404035981685512	LumA_M2	low
903.0	62	1	0.5506726837747178	0.04148893761468595	0.4693543660499333	0.6319910014995023	LumA_M2	low
942.0	60	1	0.5414948057118057	0.04180026214813942	0.4595662919014525	0.623423319522159	LumA_M2	low
971.0	59	1	0.5323169276488938	0.04208729500586996	0.4498258294373887	0.614808025860399	LumA_M2	low
993.0	58	1	0.5231390495859819	0.04235053010493671	0.44013201058030593	0.6061460885916579	LumA_M2	low
994.0	57	1	0.5139611715230699	0.042590408702280015	0.43048397046660103	0.5974383725795387	LumA_M2	low
1013.0	55	1	0.5046164229499231	0.04282893431277421	0.4206717116968857	0.5885611342029606	LumA_M2	low
1016.0	54	1	0.49527167437677644	0.043043189779288386	0.4109070224093712	0.5796363263441817	LumA_M2	low
1117.0	51	1	0.485560465075271	0.043280843066899014	0.4007300126641489	0.570390917486393	LumA_M2	low
1126.0	50	2	0.46613804647226015	0.043674255597148146	0.3805365055018498	0.5517395874426705	LumA_M2	low
1137.0	48	1	0.4564268371707547	0.04383074990395223	0.37051856735900834	0.5423351069825011	LumA_M2	low
1155.0	46	1	0.4465045146235644	0.043986670323696256	0.3602906407891197	0.532718388458009	LumA_M2	low
1168.0	45	1	0.43658219207637405	0.04411411304346126	0.35011853051119	0.5230458536415581	LumA_M2	low
1174.0	44	1	0.4266598695291837	0.04421332432061655	0.34000175386077525	0.5133179851975922	LumA_M2	low
1235.0	43	1	0.4167375469819934	0.04428449389765874	0.3299399389425823	0.5035351550214046	LumA_M2	low
1250.0	42	1	0.40681522443480306	0.0443277568402297	0.31993282102795284	0.4936976278416533	LumA_M2	low
1319.0	41	1	0.3968929018876127	0.044343194828793	0.3099802400231785	0.483805563752047	LumA_M2	low
1351.0	39	1	0.38671616081357135	0.04435859960388325	0.2997733055899602	0.4736590160371825	LumA_M2	low
1363.0	38	1	0.37653941973953003	0.04434327762793446	0.28962659558877846	0.4634522438902816	LumA_M2	low
1646.0	34	1	0.3654647309236615	0.04440047759380934	0.2784397948397952	0.4524896670075278	LumA_M2	low
1691.0	33	1	0.35439004210779296	0.04441470328143881	0.2673372236761729	0.441442860539413	LumA_M2	low
1715.0	31	1	0.3429581052656061	0.04442885575748691	0.25587754798093176	0.43003866255028045	LumA_M2	low
1732.0	30	1	0.33152616842341925	0.044394306665567755	0.24451332735890646	0.41853900948793205	LumA_M2	low
1756.0	28	1	0.31968594812258283	0.044359632463584875	0.23274106849395648	0.4066308277512092	LumA_M2	low
1765.0	27	1	0.30784572782174646	0.04426865234545469	0.22107916922465526	0.39461228641883767	LumA_M2	low
1777.0	26	1	0.2960055075209101	0.044121017994281	0.20952831225211932	0.38248270278970087	LumA_M2	low
1801.0	25	1	0.28416528722007367	0.04391615804474637	0.1980896174523708	0.37024095698777654	LumA_M2	low
1910.0	24	1	0.2723250669192373	0.043653266844088025	0.18676466390482477	0.35788546993364984	LumA_M2	low
1931.0	23	1	0.2604848466184009	0.04333128817727099	0.17555552179094974	0.345414171445852	LumA_M2	low
1965.0	22	1	0.24864462631756448	0.04294889316656244	0.16446479571110212	0.33282445692402685	LumA_M2	low
2043.0	19	1	0.2355580670376927	0.04263557658339589	0.15199233693423675	0.31912379714114864	LumA_M2	low
2227.0	16	1	0.2208356878478369	0.042436667685462115	0.13765981918433112	0.30401155651134265	LumA_M2	low
2302.0	15	1	0.2061133086579811	0.04208392905634393	0.12362880770754701	0.2885978096084152	LumA_M2	low
2333.0	13	1	0.19025843876121334	0.04172656955309926	0.1084743624371388	0.2720425150852879	LumA_M2	low
2424.0	12	1	0.17440356886444555	0.04115145215926624	0.09374672263228373	0.2550604150966074	LumA_M2	low
2606.0	11	1	0.15854869896767776	0.04034926652691014	0.07946413657493388	0.23763326136042162	LumA_M2	low
2694.0	9	1	0.140932176860158	0.03952506082276063	0.06346305764754716	0.2184012960727688	LumA_M2	low
2752.0	8	1	0.12331565475263824	0.03830968278474296	0.04822867649454203	0.19840263301073446	LumA_M2	low
3263.0	6	1	0.10276304562719854	0.037029675461634826	0.03018488172239428	0.1753412095320028	LumA_M2	low
2.0	180	1	0.9944444444444445	0.005540101963574664	0.9835858445958381	1.0	Basal_M4	high
7.0	178	2	0.983270911360799	0.00957754711682907	0.9644989190118141	1.0	Basal_M4	high
16.0	175	1	0.9776522204387373	0.011048681250862148	0.9559968051870475	0.9993076356904271	Basal_M4	high
18.0	174	1	0.9720335295166755	0.01233136245727229	0.9478640591004218	0.9962029999329293	Basal_M4	high
20.0	173	1	0.9664148385946137	0.013479496903946231	0.9399950246628791	0.9928346525263484	Basal_M4	high
21.0	172	2	0.9551774567504903	0.015488740827757386	0.9248195247280858	0.9855353887728947	Basal_M4	high
29.0	170	1	0.9495587658284286	0.016385085027075984	0.9174439991753597	0.9816735324814975	Basal_M4	high
35.0	167	1	0.9438727851947254	0.01724535290350389	0.9100718935038578	0.977673676885593	Basal_M4	high
42.0	164	1	0.938117463333782	0.018075069957197206	0.9026903262176754	0.9735446004498886	Basal_M4	high
45.0	163	1	0.9323621414728386	0.018858215138269803	0.8954000398018298	0.9693242431438474	Basal_M4	high
47.0	162	1	0.9266068196118951	0.019600371667330085	0.8881900911439281	0.965023548079862	Basal_M4	high
80.0	155	1	0.9206287110982699	0.02036518313111989	0.880712952161275	0.9605444700352649	Basal_M4	high
89.0	153	1	0.9146115299799806	0.021102293223392157	0.873251035262132	0.9559720246978293	Basal_M4	high
94.0	152	1	0.9085943488616913	0.021804472516659294	0.8658575827290391	0.9513311149943435	Basal_M4	high
96.0	151	1	0.9025771677434019	0.022474995245722166	0.8585261770617865	0.9466281584250174	Basal_M4	high
101.0	148	1	0.8964786733667572	0.023135747058153196	0.851132609132777	0.9418247376007375	Basal_M4	high
103.0	147	1	0.8903801789901127	0.02376854443774076	0.8437938318921407	0.9369665260880846	Basal_M4	high
113.0	146	1	0.884281684613468	0.024375564599517955	0.8365055779984129	0.9320577912285232	Basal_M4	high
149.0	143	2	0.871914108604888	0.02555529544100473	0.8218257295405188	0.9220024876692573	Basal_M4	high
152.0	141	1	0.8657303206005981	0.026111502435576504	0.8145517758268681	0.916908865374328	Basal_M4	high
154.0	140	1	0.8595465325963081	0.026647162917328812	0.8073180932783436	0.9117749719142726	Basal_M4	high
158.0	139	1	0.8533627445920181	0.02716349243701324	0.8001222994154722	0.906603189768564	Basal_M4	high
180.0	135	1	0.8470415390765217	0.027688016793819627	0.7927730261606352	0.9013100519924082	Basal_M4	high
181.0	134	1	0.8407203335610253	0.028193726843513466	0.7854606289477388	0.8959800381743117	Basal_M4	high
187.0	133	1	0.8343991280455287	0.028681617796615273	0.7781831571641628	0.8906150989268947	Basal_M4	high
191.0	132	1	0.8280779225300323	0.029152584315772695	0.7709388572711179	0.8852169877889468	Basal_M4	high
210.0	128	1	0.8216085637602665	0.029633956967387073	0.7635260081041878	0.8796911194163451	Basal_M4	high
229.0	126	1	0.8150878608732802	0.030107633592681586	0.7560768990316243	0.8740988227149361	Basal_M4	high
239.0	124	1	0.8085145716726893	0.030573971853635255	0.7485895868395641	0.8684395565058144	Basal_M4	high
242.0	123	1	0.8019412824720983	0.03102397316594531	0.7411342950668455	0.8627482698773511	Basal_M4	high
243.0	122	1	0.7953679932715073	0.031458338621650234	0.7337096495730728	0.8570263369699418	Basal_M4	high
251.0	121	1	0.7887947040709163	0.0318777073894317	0.7263143975876302	0.8512750105542025	Basal_M4	high
290.0	118	1	0.7821100031889594	0.03230083927228289	0.718800358215285	0.8454196481626338	Basal_M4	high
309.0	116	1	0.7753676755752615	0.03271849867635297	0.7112394181696097	0.8394959329809134	Basal_M4	high
326.0	113	1	0.7685060147294628	0.033140652035494836	0.7035503367398929	0.8334616927190327	Basal_M4	high
334.0	112	1	0.761644353883664	0.033547575682019735	0.6958911055469054	0.8273976022204227	Basal_M4	high
356.0	111	1	0.7547826930378653	0.03393981741323595	0.6882606509079228	0.8213047351678078	Basal_M4	high
361.0	110	1	0.7479210321920665	0.03431788066076639	0.6806579860969644	0.8151840782871687	Basal_M4	high
386.0	108	1	0.7409958374495473	0.03469182315963999	0.6729998640566529	0.8089918108424418	Basal_M4	high
392.0	107	1	0.7340706427070282	0.03505199107959329	0.6653687401910253	0.802772545223031	Basal_M4	high
393.0	106	1	0.727145447964509	0.03539880487472798	0.6577637904100422	0.7965271055189758	Basal_M4	high
396.0	105	1	0.7202202532219899	0.03573265338433835	0.6501842525886867	0.7902562538552931	Basal_M4	high
403.0	104	1	0.7132950584794708	0.03605389677444717	0.6426294208015544	0.7839606961573873	Basal_M4	high
407.0	103	1	0.7063698637369517	0.036362869121821795	0.635098640258181	0.7776410872157223	Basal_M4	high
408.0	102	1	0.6994446689944326	0.036659880691704574	0.6275913028386916	0.7712980351501736	Basal_M4	high
418.0	101	1	0.6925194742519134	0.03694521995198175	0.6201068431460292	0.7649321053577977	Basal_M4	high
431.0	100	1	0.6855942795093942	0.03721915535959448	0.612644735004589	0.7585438240141994	Basal_M4	high
443.0	98	1	0.6785984195144004	0.03749108810616991	0.6051158868263073	0.7520809522024934	Basal_M4	high
445.0	97	1	0.6716025595194066	0.037751655703852256	0.5976093143398562	0.745595804698957	Basal_M4	high
467.0	96	1	0.6646066995244129	0.038001091940554114	0.5901245593209268	0.739088839727899	Basal_M4	high
468.0	95	1	0.657610839529419	0.03823961464582683	0.5826611948235985	0.7325604842352396	Basal_M4	high
478.0	93	1	0.6505397552334038	0.03847665741637558	0.5751255066973077	0.7259540037694999	Basal_M4	high
500.0	91	2	0.636242178195307	0.03893658155336122	0.5599264783507191	0.712557878039895	Basal_M4	high
507.0	89	1	0.6290933896762586	0.03914985359946515	0.5523596766213069	0.7058271027312103	Basal_M4	high
511.0	88	1	0.6219446011572102	0.03935224331786041	0.5448142042542038	0.6990749980602166	Basal_M4	high
543.0	87	1	0.6147958126381617	0.03954391779941834	0.5372897337513018	0.6923018915250216	Basal_M4	high
577.0	84	1	0.6074768148686599	0.03974470537491257	0.5295771923338313	0.6853764374034885	Basal_M4	high
578.0	83	1	0.6001578170991579	0.03993406547480139	0.5218870487685472	0.6784285854297687	Basal_M4	high
585.0	82	1	0.592838819329656	0.04011215993870832	0.5142189858497876	0.6714586528095243	Basal_M4	high
597.0	81	1	0.585519821560154	0.04027913820015244	0.5065727106878553	0.6644669324324528	Basal_M4	high
623.0	79	1	0.5781081782492661	0.04044542493318806	0.49883514538021745	0.6573812111183147	Basal_M4	high
635.0	77	1	0.5706002798304445	0.040611028405427727	0.4910026641558061	0.6501978955050828	Basal_M4	high
636.0	76	1	0.5630923814116228	0.04076477091268461	0.48319343042276097	0.6429913324004846	Basal_M4	high
714.0	73	1	0.5553787871457101	0.04092963481261525	0.4751567029129842	0.635600871378436	Basal_M4	high
720.0	72	1	0.5476651928797975	0.041081589661591	0.4671452771430792	0.6281851086165159	Basal_M4	high
723.0	71	1	0.5399515986138849	0.04122077822229386	0.4591588732981889	0.6207443239295808	Basal_M4	high
726.0	69	1	0.5321262131267271	0.04135949490216129	0.45106160311849103	0.6131908231349632	Basal_M4	high
748.0	66	1	0.5240636947460192	0.04151124197126472	0.4427016604823404	0.605425729009698	Basal_M4	high
774.0	62	1	0.5156110545081802	0.04169340100640288	0.4338919885356306	0.5973301204807299	Basal_M4	high
795.0	61	1	0.5071584142703413	0.04185794997696265	0.42511683231549446	0.589199996225188	Basal_M4	high
810.0	60	2	0.49025313379466323	0.04213502091833322	0.4076684927947301	0.5728377747945963	Basal_M4	high
821.0	58	1	0.4818004935568242	0.042247884095060396	0.39899464073050583	0.5646063463831426	Basal_M4	high
841.0	56	1	0.473196913314738	0.04236043911332632	0.3901704526526184	0.5562233739768576	Basal_M4	high
863.0	55	1	0.4645933330726519	0.04245497124731256	0.3813815894279193	0.5478050767173845	Basal_M4	high
898.0	52	2	0.44672435872370375	0.04266090224199703	0.3631089903293896	0.5303397271180179	Basal_M4	high
942.0	48	1	0.4374176012502932	0.04277525421043837	0.35357810299783404	0.5212570995027525	Basal_M4	high
1047.0	43	1	0.4272450988956352	0.04297303663577683	0.3430179470895126	0.5114722507017578	Basal_M4	high
1052.0	42	1	0.4170725965409772	0.04313707821046563	0.3325239232484646	0.5016212698334899	Basal_M4	high
1202.0	35	1	0.40515623663980643	0.043519388620551346	0.3198582349435258	0.4904542383360871	Basal_M4	high
1308.0	32	1	0.3924951042448125	0.043962602570781446	0.30632840320608085	0.47866180528354413	Basal_M4	high
1317.0	31	1	0.37983397184981854	0.04433016741066274	0.2929468437249196	0.4667210999747175	Basal_M4	high
1607.0	28	1	0.36626847285518216	0.04477445713508213	0.27851053687042115	0.45402640883994316	Basal_M4	high
1615.0	27	1	0.3527029738605458	0.045124372245701067	0.2642592042589717	0.44114674346211985	Basal_M4	high
1681.0	25	1	0.33859485490612395	0.04547139372056734	0.24947092321381198	0.42771878659843593	Basal_M4	high
1974.0	20	1	0.3216651121608177	0.04624216021413931	0.23103047814110467	0.4122997461805308	Basal_M4	high
2066.0	19	1	0.30473536941551155	0.046804954170916936	0.21299765924051434	0.39647307959050876	Basal_M4	high
2244.0	17	1	0.28680975944989323	0.04736011031382531	0.19398394323479562	0.37963557566499084	Basal_M4	high
2592.0	13	1	0.2647474702614399	0.04858478134304975	0.16952129882906242	0.3599736416938174	Basal_M4	high
2831.0	10	1	0.2382727232352959	0.050426288772738095	0.13943719724072925	0.3371082492298626	Basal_M4	high
3102.0	8	1	0.20848863283088392	0.05218280273447456	0.1062103394713138	0.31076692619045404	Basal_M4	high
3190.0	6	1	0.17374052735906995	0.05382560510756433	0.06824234134824386	0.27923871336989603	Basal_M4	high
3544.0	5	1	0.13899242188725597	0.05310508409586919	0.03490645705935236	0.24307838671515958	Basal_M4	high
11.0	179	1	0.994413407821229	0.005570965316891304	0.983494315800122	1.0	Basal_M4	low
13.0	178	1	0.988826815642458	0.00785637282110605	0.9734283249130902	1.0	Basal_M4	low
26.0	177	1	0.9832402234636871	0.009594832881641244	0.9644343510156703	1.0	Basal_M4	low
36.0	176	1	0.9776536312849161	0.011047638975330268	0.9560002588932688	0.9993070036765634	Basal_M4	low
39.0	175	1	0.9720670391061452	0.01231629492225852	0.9479271010585185	0.9962069771537719	Basal_M4	low
43.0	174	2	0.9608938547486033	0.014488842683882197	0.9324957230881943	0.9892919864090124	Basal_M4	low
45.0	172	1	0.9553072625698323	0.01544413190638139	0.9250367640333248	0.9855777611063399	Basal_M4	low
60.0	171	1	0.9497206703910615	0.016333007780116038	0.9177079751420341	0.9817333656400888	Basal_M4	low
61.0	170	2	0.9385474860335196	0.017950288663227235	0.9033649202535942	0.973730051813445	Basal_M4	low
79.0	166	1	0.9328935855152454	0.01871140012586642	0.8962192412685472	0.9695679297619435	Basal_M4	low
84.0	165	1	0.9272396849969711	0.01943343440146902	0.8891501535700918	0.9653292164238504	Basal_M4	low
94.0	164	1	0.9215857844786969	0.020120598822872086	0.8821494107858676	0.9610221581715261	Basal_M4	low
100.0	162	1	0.9158969833399395	0.02078505729928969	0.8751582710333318	0.9566356956465473	Basal_M4	low
108.0	160	1	0.9101726271940649	0.021428922086205993	0.8681719399051011	0.9521733144830287	Basal_M4	low
113.0	158	1	0.9044120409460011	0.022053996934411242	0.8611862069545551	0.9476378749374472	Basal_M4	low
137.0	155	1	0.8985771245528011	0.022670460214465497	0.8541430225324488	0.9430112265731535	Basal_M4	low
138.0	154	2	0.8869072917664012	0.023830553629289798	0.8401994066529932	0.9336151768798091	Basal_M4	low
139.0	152	1	0.8810723753732012	0.024377650023507367	0.8332921813271267	0.9288525694192756	Basal_M4	low
142.0	151	1	0.8752374589800012	0.02490472922969846	0.8264241896897921	0.9240507282702102	Basal_M4	low
166.0	145	1	0.8692013385732426	0.025453946706706067	0.8193116030280987	0.9190910741183864	Basal_M4	low
170.0	144	2	0.8571290977597253	0.026493178184554694	0.8052024685179981	0.9090557270014525	Basal_M4	low
174.0	140	1	0.8510067470614416	0.027002088134239634	0.7980826543183319	0.9039308398045514	Basal_M4	low
176.0	139	1	0.8448843963631579	0.02749314795002528	0.7909978263811084	0.8987709663452075	Basal_M4	low
186.0	138	1	0.8387620456648741	0.02796729790481676	0.7839461417714333	0.8935779495583149	Basal_M4	low
187.0	137	1	0.8326396949665904	0.028425384206613814	0.7769259419216273	0.8883534480115535	Basal_M4	low
197.0	136	1	0.8265173442683067	0.028868171569957576	0.7699357279911898	0.8830989605454236	Basal_M4	low
241.0	132	2	0.8139943542036354	0.029757915562755574	0.7556688397006345	0.8723198687066364	Basal_M4	low
245.0	130	1	0.8077328591712998	0.030180574499749136	0.7485789331517915	0.8668867851908081	Basal_M4	low
264.0	129	1	0.8014713641389641	0.03058925037237334	0.7415164334091124	0.8614262948688158	Basal_M4	low
271.0	126	1	0.7951104802965915	0.031000782013931125	0.7343489475492865	0.8558720130438965	Basal_M4	low
292.0	124	1	0.788698299003877	0.03140692112153603	0.7271407336056663	0.8502558644020877	Basal_M4	low
305.0	122	1	0.7822335588481075	0.031807874221208995	0.7198901253745379	0.8445769923216772	Basal_M4	low
314.0	121	1	0.775768818692338	0.032195255022641464	0.7126661188479608	0.8388715185367153	Basal_M4	low
317.0	119	1	0.7692497529890411	0.03257802917860825	0.705396815798969	0.8331026901791132	Basal_M4	low
337.0	117	1	0.7626749687754596	0.03295635715723699	0.6980805087472751	0.8272694288036441	Basal_M4	low
348.0	116	1	0.7561001845618781	0.03332163104270012	0.6907897877181859	0.8214105814055703	Basal_M4	low
350.0	115	1	0.7495254003482966	0.03367427564141001	0.683523820091133	0.8155269806054602	Basal_M4	low
359.0	113	1	0.7428924322036214	0.034023264566756715	0.6762068336527782	0.8095780307544647	Basal_M4	low
363.0	112	1	0.7362594640589463	0.03435996419544659	0.668913934235871	0.8036049938820216	Basal_M4	low
365.0	111	1	0.7296264959142711	0.03468473242180492	0.6616444203675335	0.7976085714610087	Basal_M4	low
374.0	109	1	0.7229326748508375	0.03500648693546422	0.6543199604573275	0.7915453892443474	Basal_M4	low
402.0	105	1	0.71604760175702	0.0353436848548395	0.6467739794415346	0.7853212240725054	Basal_M4	low
421.0	103	1	0.7090956832933596	0.035677694925736254	0.6391674012389166	0.7790239653478026	Basal_M4	low
436.0	101	1	0.7020749339538214	0.036008605776223473	0.6314980666324234	0.7726518012752194	Basal_M4	low
491.0	97	1	0.6948370480367717	0.036357530033452275	0.6235762891712052	0.7660978069023382	Basal_M4	low
493.0	96	1	0.687599162119722	0.03669217571619827	0.6156824977159734	0.7595158265234707	Basal_M4	low
506.0	95	1	0.6803612762026723	0.03701293011789842	0.6078159331715913	0.7529066192337532	Basal_M4	low
524.0	94	1	0.6731233902856226	0.037320151413218705	0.599975893515714	0.7462708870555312	Basal_M4	low
526.0	93	1	0.665885504368573	0.03761417120671125	0.5921617288034189	0.739609279933727	Basal_M4	low
541.0	92	1	0.6586476184515232	0.037895296780723016	0.5843728367613061	0.7329224001417403	Basal_M4	low
571.0	90	1	0.6513293115798396	0.038174350539419574	0.5765075845225773	0.726151038637102	Basal_M4	low
593.0	87	1	0.6438427677685771	0.03846266973138189	0.5684559350950685	0.7192296004420856	Basal_M4	low
669.0	84	1	0.6361779729141893	0.03876097329094253	0.5602064652639419	0.7121494805644367	Basal_M4	low
695.0	80	1	0.628225748252762	0.039083690714174585	0.5516217144529798	0.7048297820525442	Basal_M4	low
697.0	79	1	0.6202735235913347	0.039389659383815154	0.543069791199057	0.6974772559836124	Basal_M4	low
790.0	74	1	0.6118914489482086	0.039739208258913625	0.5340026007607379	0.6897802971356792	Basal_M4	low
797.0	73	1	0.6035093743050824	0.04006908851112366	0.5249739608232801	0.6820447877868848	Basal_M4	low
826.0	72	1	0.5951272996619563	0.04037978218829118	0.5159829265729057	0.674271672751007	Basal_M4	low
846.0	68	1	0.586375427608104	0.040723354783013574	0.5065576522333974	0.6661932029828106	Basal_M4	low
885.0	63	1	0.5770678811381341	0.041126845770009426	0.49645926342891566	0.6576764988473526	Basal_M4	low
903.0	62	1	0.5677603346681642	0.041503358434771626	0.48641375213601185	0.6491069172003165	Basal_M4	low
971.0	60	1	0.5582976624236948	0.0418764780368478	0.47621976547147316	0.6403755593759165	Basal_M4	low
993.0	59	1	0.5488349901792254	0.0422222960736643	0.46607928987484337	0.6315906904836075	Basal_M4	low
994.0	58	1	0.539372317934756	0.0425414783505445	0.45599102036768885	0.6227536155018233	Basal_M4	low
1013.0	56	1	0.5297406694002068	0.04285827389881971	0.4457384525585202	0.6137428862418934	Basal_M4	low
1016.0	55	1	0.5201090208656576	0.04314773379314708	0.4355394626310893	0.6046785791002258	Basal_M4	low
1117.0	52	1	0.5101069243105487	0.043461806337374696	0.4249217838892943	0.5952920647318031	Basal_M4	low
1126.0	51	2	0.49010273120033115	0.04399908769494603	0.40386451931823697	0.5763409430824253	Basal_M4	low
1137.0	49	1	0.48010063464522235	0.04422340044868172	0.39342276976580615	0.5667784995246385	Basal_M4	low
1155.0	47	1	0.4698857275251112	0.044446564025507375	0.3827704620351168	0.5570009930151056	Basal_M4	low
1168.0	46	1	0.4596708204050001	0.04463872141645754	0.37217892642874334	0.547162714381257	Basal_M4	low
1174.0	45	1	0.449455913284889	0.04480027159864323	0.36164738095154825	0.5372644456182297	Basal_M4	low
1187.0	44	1	0.4392410061647779	0.04493154471550926	0.3511751785223798	0.527306833807176	Basal_M4	low
1235.0	43	1	0.42902609904466676	0.045032805545789964	0.3407618001749184	0.5172903979144151	Basal_M4	low
1250.0	42	1	0.4188111919245556	0.0451042562262318	0.3304068497211413	0.5072155341279699	Basal_M4	low
1319.0	41	1	0.4085962848044445	0.045146038294757634	0.3201100497467195	0.49708251986216945	Basal_M4	low
1351.0	39	1	0.3981194569889459	0.04518775255656771	0.3095514619780732	0.4866874519998186	Basal_M4	low
1363.0	38	1	0.38764262917344733	0.045196817388633695	0.2990568670917253	0.47622839125516936	Basal_M4	low
1646.0	34	1	0.3762413753742283	0.0452826996007362	0.28748728415678537	0.46499546659167124	Basal_M4	low
1691.0	33	1	0.3648401215750093	0.04532307635401276	0.27600689192114425	0.4536733512288743	Basal_M4	low
1715.0	31	1	0.3530710853951703	0.04536334549338754	0.2641589282281307	0.4419832425622099	Basal_M4	low
1732.0	30	1	0.3413020492153313	0.04535222074844918	0.2524116965483709	0.4301924018822917	Basal_M4	low
1756.0	28	1	0.32911269031478374	0.04534099091313337	0.24024434812504233	0.4179810325045251	Basal_M4	low
1765.0	27	1	0.31692333141423623	0.04527053231654802	0.22819308807380212	0.40565357475467034	Basal_M4	low
1777.0	26	1	0.30473397251368867	0.045140567614202494	0.21625845998985177	0.39320948503752556	Basal_M4	low
1801.0	25	1	0.2925446136131411	0.04495058066266943	0.20444147551430902	0.3806477517119732	Basal_M4	low
1910.0	24	1	0.2803552547125936	0.04469980613335936	0.19274363469120925	0.36796687473397793	Basal_M4	low
1931.0	23	1	0.26816589581204603	0.04438721374313401	0.18116695687550338	0.3551648347485887	Basal_M4	low
1965.0	22	1	0.2559765369114985	0.04401148632422466	0.16971402371601818	0.34223905010697886	Basal_M4	low
2043.0	19	1	0.24250408760036704	0.04370851883454621	0.15683539068465646	0.3281727845160776	Basal_M4	low
2227.0	16	1	0.2273475821253441	0.043525338668142274	0.14203791833578522	0.31265724591490296	Basal_M4	low
2302.0	15	1	0.21219107665032116	0.043182009064249814	0.12755433888439155	0.2968278144162508	Basal_M4	low
2333.0	13	1	0.19586868613875802	0.042834231042173744	0.11191359329609749	0.2798237789814185	Basal_M4	low
2424.0	12	1	0.17954629562719485	0.042260339813952996	0.09671602959184697	0.26237656166254275	Basal_M4	low
2606.0	11	1	0.16322390511563167	0.04145094478385668	0.0819800533392726	0.24446775689199074	Basal_M4	low
2694.0	9	1	0.14508791565833926	0.04061949128937233	0.06547371273116949	0.22470211858550904	Basal_M4	low
2752.0	8	1	0.12695192620104684	0.03938321361139387	0.04976082752271485	0.20414302487937883	Basal_M4	low
3263.0	6	1	0.1057932718342057	0.038081271825122893	0.031153979056964834	0.18043256461144658	Basal_M4	low
7.0	180	1	0.9944444444444445	0.005540101963574664	0.9835858445958381	1.0	Basal_M2	high
13.0	178	1	0.9888576779026217	0.007834886639204319	0.9735013000897812	1.0	Basal_M2	high
16.0	177	1	0.983270911360799	0.00957754711682907	0.9644989190118141	1.0	Basal_M2	high
21.0	176	1	0.9776841448189763	0.01103288766119275	0.9560596850030385	0.999308604634914	Basal_M2	high
26.0	175	1	0.9720973782771536	0.012303294386360006	0.947982921279888	0.9962118352744191	Basal_M2	high
29.0	174	1	0.9665106117353308	0.01344130710213467	0.9401656498151468	0.9928555736555148	Basal_M2	high
39.0	171	1	0.9608585028947734	0.014502459938300561	0.9324336814157043	0.9892833243738425	Basal_M2	high
45.0	169	1	0.9551729496232066	0.015491092245765899	0.9248104088215054	0.9855354904249078	Basal_M2	high
60.0	168	1	0.9494873963516399	0.016409104517192966	0.9173255514979417	0.9816492412053381	Basal_M2	high
79.0	164	1	0.9436978390568128	0.017300279449443824	0.9097892913359029	0.9776063867777227	Basal_M2	high
89.0	162	1	0.937872543753993	0.01814774398406527	0.902302965545225	0.9734421219627609	Basal_M2	high
94.0	161	1	0.9320472484511731	0.018946910679916065	0.8949113035185376	0.9691831933838086	Basal_M2	high
96.0	160	1	0.9262219531483533	0.019703657194375588	0.8876027850473771	0.9648411212493295	Basal_M2	high
101.0	158	1	0.9203597888879207	0.020432395180617038	0.8803122943339113	0.96040728344193	Basal_M2	high
113.0	156	2	0.9085603044149987	0.021807524777439836	0.8658175558512166	0.9513030529787808	Basal_M2	high
137.0	154	1	0.9026605621785377	0.022449786618644735	0.8586589804059941	0.9466621439510814	Basal_M2	high
142.0	153	1	0.8967608199420767	0.02306525023411068	0.8515529294832197	0.9419687104009337	Basal_M2	high
149.0	151	1	0.8908220065649768	0.02366471209118654	0.8444391708662512	0.9372048422637024	Basal_M2	high
152.0	150	1	0.8848831931878769	0.024240687855929668	0.8373714449902547	0.932394941385499	Basal_M2	high
154.0	148	1	0.8789042526933641	0.024803291648903953	0.8302898010615124	0.9275187043252159	Basal_M2	high
158.0	146	1	0.8728843605516288	0.02535341365483535	0.8231916697881515	0.922577051315106	Basal_M2	high
170.0	145	1	0.8668644684098934	0.025883376662362286	0.8161330501516633	0.9175958866681235	Basal_M2	high
174.0	143	1	0.8608024791203137	0.026402703797502893	0.809053179677208	0.9125517785634194	Basal_M2	high
176.0	142	1	0.854740489830734	0.026903678522734488	0.8020092799261744	0.9074716997352936	Basal_M2	high
191.0	141	1	0.8486785005411543	0.027387307975659716	0.7949993769088614	0.9023576241734473	Basal_M2	high
210.0	139	1	0.8425728998178367	0.027862543548009832	0.7879623144637374	0.8971834851719359	Basal_M2	high
239.0	135	1	0.8363316190784453	0.028346567920623664	0.780772345954023	0.8918908922028677	Basal_M2	high
271.0	132	1	0.8299957734793663	0.02883120167398821	0.7734866181983494	0.8865049287603831	Basal_M2	high
290.0	130	1	0.823611190606448	0.0293078220534387	0.7661678593817082	0.8810545218311879	Basal_M2	high
305.0	127	1	0.8171260631213579	0.029785913842203627	0.7587456719906388	0.8755064542520771	Basal_M2	high
337.0	125	1	0.8105890546163871	0.030256451444204458	0.7512864097857463	0.8698916994470278	Basal_M2	high
348.0	124	1	0.8040520461114162	0.030710501242696104	0.7438594636757319	0.8642446285471006	Basal_M2	high
386.0	122	1	0.7974614555695194	0.03115793440639669	0.736391904132982	0.8585310070060569	Basal_M2	high
393.0	120	1	0.7908159434397735	0.03159903196157207	0.7288818407950922	0.8527500460844547	Basal_M2	high
396.0	119	1	0.7841704313100275	0.032024671018290984	0.7214020761141772	0.8469387865058778	Basal_M2	high
402.0	117	1	0.7774681199313094	0.03244472587674998	0.7138764572128794	0.8410597826497394	Basal_M2	high
408.0	116	1	0.7707658085525912	0.03285000579291866	0.7063797971984707	0.8351518199067118	Basal_M2	high
421.0	115	1	0.7640634971738731	0.0332410511861732	0.6989110368489736	0.8292159574987726	Basal_M2	high
431.0	113	1	0.7573018733050778	0.033627548706313605	0.6913918778407031	0.8232118687694525	Basal_M2	high
436.0	111	1	0.7504793339059329	0.034009653347024466	0.6838204133457649	0.8171382544661009	Basal_M2	high
445.0	108	1	0.7435304511845816	0.034397325328138835	0.6761116935414295	0.8109492088277337	Basal_M2	high
491.0	104	1	0.7363811199231914	0.034801630184741784	0.6681699247610975	0.8045923150852854	Basal_M2	high
493.0	103	1	0.7292317886618013	0.035190435898667646	0.6602585343004127	0.7982050430231898	Basal_M2	high
500.0	102	1	0.7220824574004111	0.03556425080608249	0.6523765258204894	0.7917883889803328	Basal_M2	high
506.0	101	1	0.7149331261390209	0.03592354288617201	0.6445229820821238	0.7853432701959181	Basal_M2	high
507.0	100	1	0.7077837948776308	0.036268743747589836	0.6366970571323547	0.7788705326229068	Basal_M2	high
526.0	99	1	0.7006344636162406	0.03660025210294365	0.6288979694944711	0.7723709577380101	Basal_M2	high
541.0	98	1	0.6934851323548504	0.03691843680881847	0.6211249962095662	0.7658452685001347	Basal_M2	high
543.0	97	1	0.6863358010934603	0.03722363953526591	0.6133774676043391	0.7592941345825814	Basal_M2	high
571.0	95	1	0.6791112137135291	0.03752635876480465	0.6055595505345119	0.7526628768925463	Basal_M2	high
577.0	93	1	0.6718089425983299	0.03782665400713604	0.5976687007443433	0.7459491844523165	Basal_M2	high
578.0	92	1	0.6645066714831306	0.038113813890931915	0.589803596256904	0.7392097467093571	Basal_M2	high
585.0	91	1	0.6572044003679314	0.038388133191858555	0.5819636593118886	0.7324451414239741	Basal_M2	high
597.0	90	1	0.6499021292527322	0.03864988532072785	0.5741483540241056	0.7256559044813587	Basal_M2	high
623.0	87	1	0.6424319898360341	0.03892084301139741	0.5661471375336952	0.7187168421383731	Basal_M2	high
635.0	85	1	0.6348739664261984	0.03918992541207052	0.5580617126185402	0.7116862202338566	Basal_M2	high
636.0	84	1	0.6273159430163627	0.03944545259055205	0.5500028559388808	0.7046290300938447	Basal_M2	high
697.0	80	1	0.6194744937286583	0.03972414852296362	0.5416151626236496	0.6973338248336669	Basal_M2	high
714.0	78	1	0.6115325130398294	0.040000900061524076	0.5331307489192422	0.6899342771604166	Basal_M2	high
723.0	77	1	0.6035905323510004	0.04026210956623542	0.5246767976011789	0.6825042671008218	Basal_M2	high
726.0	75	1	0.5955426585863204	0.04052163225430636	0.51612025936788	0.6749650578047608	Basal_M2	high
774.0	69	1	0.5869116055633302	0.040843221268010765	0.5068588918780291	0.6669643192486313	Basal_M2	high
790.0	68	1	0.57828055254034	0.041144443867321655	0.4976374425603896	0.6589236625202906	Basal_M2	high
795.0	67	1	0.5696494995173499	0.04142574433083523	0.4884550406289129	0.6508439584057869	Basal_M2	high
846.0	64	1	0.5607487260873913	0.041723725544623565	0.47897022401992917	0.6425272281548535	Basal_M2	high
885.0	61	1	0.5515561240203849	0.04204019581858191	0.46915734021596434	0.6339549078248055	Basal_M2	high
898.0	60	1	0.5423635219533784	0.042332634391803285	0.459391558545444	0.6253354853613129	Basal_M2	high
903.0	59	1	0.5331709198863721	0.04260153616454691	0.44967190900386017	0.6166699307688841	Basal_M2	high
971.0	56	1	0.5236500106026869	0.04289150363883352	0.4395826634705732	0.6077173577348006	Basal_M2	high
994.0	55	1	0.5141291013190017	0.04315543213546999	0.42954445433348054	0.5987137483045228	Basal_M2	high
1013.0	53	1	0.504428552237511	0.043417745013874985	0.41932977201031607	0.589527332464706	Basal_M2	high
1047.0	51	1	0.4945377963112853	0.043678469573518404	0.4089279959471892	0.5801475966753814	Basal_M2	high
1052.0	50	1	0.48464704038505957	0.043910477010975654	0.3985825054435473	0.5707115753265719	Basal_M2	high
1126.0	48	2	0.46445341370234877	0.04434180588660004	0.3775434741646127	0.5513633532400849	Basal_M2	high
1137.0	46	1	0.45435660036099335	0.044512555663652274	0.36711199126023486	0.5416012094617518	Basal_M2	high
1155.0	45	1	0.4442597870196379	0.044653840407068594	0.3567382598217835	0.5317813142174923	Basal_M2	high
1168.0	44	1	0.43416297367828255	0.04476593909944867	0.34642173304336316	0.521904214313202	Basal_M2	high
1174.0	43	1	0.4240661603369271	0.04484907058988542	0.3361619819807517	0.5119703386931025	Basal_M2	high
1235.0	40	1	0.41346450632850396	0.044963424209207445	0.3253361948784574	0.5015928177785506	Basal_M2	high
1319.0	39	1	0.4028628523200808	0.04504302882786651	0.31457851581746243	0.49114718882269914	Basal_M2	high
1351.0	37	1	0.39197466712224077	0.04512245585328024	0.3035346536498115	0.48041468059467	Basal_M2	high
1615.0	35	1	0.3807753909187482	0.0452016971760386	0.29218006445371253	0.46937071738378383	Basal_M2	high
1681.0	34	1	0.3695761147152556	0.045238345458597624	0.2809089576164042	0.45824327181410696	Basal_M2	high
1691.0	33	1	0.358376838511763	0.0452325042302833	0.2697211302204077	0.44703254680311827	Basal_M2	high
1756.0	30	1	0.34643094389470425	0.045274735836843376	0.2576924616544912	0.43516942613491727	Basal_M2	high
1765.0	28	1	0.3340584101841791	0.045316821410698635	0.24523744021920976	0.4228793801491484	Basal_M2	high
1801.0	27	1	0.32168587647365393	0.045295935026957015	0.2329058438208182	0.41046590912648967	Basal_M2	high
1910.0	25	1	0.30881844141470777	0.04527488040771948	0.22007967581557758	0.39755720701383795	Basal_M2	high
1965.0	24	1	0.2959510063557616	0.04517994799284842	0.2073983082897787	0.38450370442174453	Basal_M2	high
2043.0	22	1	0.2824986878850452	0.04508456670374655	0.19413293714570196	0.3708644386243884	Basal_M2	high
2066.0	21	1	0.26904636941432875	0.044899800470384034	0.18104276049237605	0.35704997833628144	Basal_M2	high
2227.0	19	1	0.2548860341819957	0.044713851577652175	0.1672468850897974	0.34252518327419396	Basal_M2	high
2302.0	18	1	0.2407256989496626	0.0444153919576474	0.1536715307126737	0.3277798671866515	Basal_M2	high
2333.0	16	1	0.22568034276530868	0.044114138308627454	0.13921663168039888	0.3121440538502185	Basal_M2	high
2424.0	14	1	0.20956031828207236	0.04380949663159861	0.12369370488413908	0.29542693168000567	Basal_M2	high
2592.0	12	1	0.192096958425233	0.04350030421009607	0.10683636217344471	0.2773575546770213	Basal_M2	high
2606.0	11	1	0.17463359856839364	0.04290815000518205	0.09053362455823682	0.25873357257855045	Basal_M2	high
3102.0	8	1	0.15280439874734444	0.04273814520148057	0.06903763415244253	0.23657116334224637	Basal_M2	high
2.0	180	1	0.9944444444444445	0.005540101963574664	0.9835858445958381	1.0	Basal_M2	low
7.0	178	1	0.9888576779026217	0.007834886639204319	0.9735013000897812	1.0	Basal_M2	low
11.0	177	1	0.983270911360799	0.00957754711682907	0.9644989190118141	1.0	Basal_M2	low
18.0	175	1	0.9776522204387373	0.011048681250862146	0.9559968051870475	0.9993076356904271	Basal_M2	low
20.0	174	1	0.9720335295166755	0.01233136245727229	0.9478640591004218	0.9962029999329293	Basal_M2	low
21.0	173	1	0.9664148385946137	0.013479496903946231	0.9399950246628791	0.9928346525263484	Basal_M2	low
35.0	171	1	0.9607632898309026	0.014537233613510206	0.9322703119484227	0.9892562677133826	Basal_M2	low
36.0	170	1	0.9551117410671914	0.01551142629585291	0.9247093455273198	0.9855141366070631	Basal_M2	low
42.0	169	1	0.9494601923034802	0.016416954363620995	0.917282961750783	0.9816374228561774	Basal_M2	low
43.0	168	2	0.9381570947760579	0.018062587328818172	0.9027544236115743	0.9735597659405415	Basal_M2	low
45.0	166	1	0.9325055460123467	0.018817164680142804	0.8956239032392668	0.9693871887854266	Basal_M2	low
47.0	165	1	0.9268539972486355	0.019533386097542738	0.8885685604974517	0.9651394339998193	Basal_M2	low
61.0	163	2	0.9154815555646031	0.020883488985345897	0.8745499171533251	0.9564131939758811	Basal_M2	low
80.0	157	1	0.9096504628540005	0.021549181108093594	0.867414067882137	0.951886857825864	Basal_M2	low
84.0	156	1	0.903819370143398	0.02218595378056666	0.8603349007334873	0.9473038395533087	Basal_M2	low
94.0	155	1	0.8979882774327954	0.022796230573784125	0.8533076655081785	0.9426688893574123	Basal_M2	low
100.0	152	1	0.892080459818106	0.02339926432428075	0.8462179017425158	0.9379430178936963	Basal_M2	low
103.0	151	1	0.8861726422034165	0.02397850616023488	0.8391747701293562	0.9331705142774769	Basal_M2	low
108.0	149	1	0.8802251748060782	0.024544081253014532	0.8321187755501698	0.9283315740619866	Basal_M2	low
138.0	145	2	0.8680841379122013	0.025663087830923394	0.8177844857635914	0.9183837900608112	Basal_M2	low
139.0	143	1	0.8620136194652628	0.026191767242120727	0.8106777556707061	0.9133494832598195	Basal_M2	low
149.0	142	1	0.8559431010183243	0.026701540733147944	0.8036080811813543	0.9082781208552942	Basal_M2	low
166.0	138	1	0.849740614779061	0.027218906030571303	0.7963915589591413	0.9030896705989808	Basal_M2	low
170.0	137	1	0.8435381285397978	0.027717913728355234	0.7892110176322216	0.8978652394473741	Basal_M2	low
180.0	132	1	0.8371476881720721	0.028234987844558537	0.7818071119967374	0.8924882643474068	Basal_M2	low
181.0	131	1	0.8307572478043463	0.02873353039534922	0.7744395282294618	0.8870749673792309	Basal_M2	low
186.0	130	1	0.8243668074366206	0.02921449011444167	0.7671064068123149	0.8816272080609263	Basal_M2	low
187.0	129	2	0.8115859267011691	0.030126998851268075	0.7525370089526837	0.8706348444496546	Basal_M2	low
197.0	126	1	0.8051447685527472	0.03056870217824846	0.7452301122833802	0.8650594248221142	Basal_M2	low
229.0	122	1	0.798545221269528	0.031022356121588553	0.7377414032712144	0.8593490392678416	Basal_M2	low
241.0	121	2	0.7853461267030896	0.03188264923720112	0.7228561341981754	0.8478361192080037	Basal_M2	low
242.0	119	1	0.7787465794198704	0.03229054101370754	0.7154571190330036	0.8420360398067371	Basal_M2	low
243.0	118	1	0.7721470321366511	0.03268434363577198	0.708085718610538	0.8362083456627643	Basal_M2	low
245.0	117	1	0.7655474848534319	0.033064560517452844	0.7007409462392243	0.8303540234676395	Basal_M2	low
251.0	116	1	0.7589479375702127	0.033431655192214846	0.6934218933934716	0.8244739817469539	Basal_M2	low
264.0	115	1	0.7523483902869935	0.03378605539179978	0.686127721719066	0.818569058854921	Basal_M2	low
292.0	113	1	0.7456904399304715	0.03413677570828339	0.678782359542236	0.8125985203187069	Basal_M2	low
309.0	111	1	0.7389725080392059	0.03448392836644103	0.6713840084409815	0.8065610076374303	Basal_M2	low
314.0	109	1	0.7321929437452682	0.034827619991844416	0.6639308085612532	0.8004550789292832	Basal_M2	low
317.0	107	1	0.7253500190373685	0.035167951993300695	0.6564208331304991	0.7942792049442379	Basal_M2	low
326.0	106	1	0.7185070943294688	0.035495678963716006	0.6489355635605855	0.7880786250983521	Basal_M2	low
334.0	104	1	0.7115983722686086	0.03582040662100316	0.6413903752914424	0.7818063692457747	Basal_M2	low
350.0	103	1	0.7046896502077483	0.036132740284586407	0.633869479249959	0.7755098211655377	Basal_M2	low
356.0	101	1	0.6977125249581666	0.03644239605946692	0.6262854286816114	0.7691396212347218	Basal_M2	low
359.0	100	1	0.6907353997085849	0.036739808719532974	0.6187253746183002	0.7627454247988695	Basal_M2	low
361.0	99	1	0.6837582744590033	0.037025273301514415	0.611188738788035	0.7563278101299715	Basal_M2	low
363.0	98	1	0.6767811492094216	0.03729906413660999	0.6036749835016659	0.7498873149171772	Basal_M2	low
365.0	96	1	0.6697313455718235	0.037570858580134196	0.5960924627547605	0.7433702283888864	Basal_M2	low
374.0	95	1	0.6626815419342252	0.037831007737877426	0.5885327667679855	0.736830317100465	Basal_M2	low
392.0	94	1	0.6556317382966271	0.038079750281634496	0.5809954277446235	0.7302680488486307	Basal_M2	low
403.0	92	1	0.6485053063586202	0.038326877115212286	0.5733846272128041	0.7236259855044364	Basal_M2	low
407.0	90	1	0.6412996918435245	0.03857241917007729	0.565697750270173	0.7169016334168761	Basal_M2	low
418.0	89	1	0.6340940773284287	0.03880621648778634	0.5580338930123675	0.7101542616444899	Basal_M2	low
443.0	88	1	0.6268884628133329	0.03902848013693291	0.5503926417449444	0.7033842838817214	Basal_M2	low
467.0	87	1	0.619682848298237	0.03923940610837815	0.5427736123258159	0.6965920842706582	Basal_M2	low
468.0	86	1	0.6124772337831412	0.03943917630877596	0.5351764482179403	0.6897780193483422	Basal_M2	low
478.0	85	1	0.6052716192680455	0.03962795945198842	0.5276008187421481	0.6829424197939429	Basal_M2	low
500.0	84	1	0.5980660047529498	0.03980591185966469	0.520046417508007	0.6760855919978926	Basal_M2	low
511.0	83	1	0.590860390237854	0.039973178180719895	0.512512961003643	0.669207819472065	Basal_M2	low
524.0	82	1	0.5836547757227581	0.040129892038142836	0.5050001873279982	0.6623093641175181	Basal_M2	low
593.0	78	1	0.576172022187851	0.040306999035071164	0.49717030407911156	0.6551737402965905	Basal_M2	low
669.0	75	1	0.5684897285586797	0.040495056747564886	0.48911941733345254	0.6478600397839069	Basal_M2	low
695.0	73	1	0.5607021980304786	0.04068224214063461	0.4809650034348348	0.6404393926261225	Basal_M2	low
720.0	72	1	0.5529146675022776	0.04085577009051318	0.47283735812487176	0.6329919768796834	Basal_M2	low
748.0	69	1	0.5449014114515199	0.041041975751625985	0.464459138978333	0.6253436839247069	Basal_M2	low
797.0	67	1	0.5367685545641838	0.04122733625641117	0.4559629755016179	0.6175741336267497	Basal_M2	low
810.0	66	2	0.5205028407895116	0.04155141826284345	0.4390620609943384	0.6019436205846848	Basal_M2	low
821.0	64	1	0.5123699839021755	0.04169050231534977	0.43065659936408995	0.594083368440261	Basal_M2	low
826.0	63	1	0.5042371270148394	0.041814490962368986	0.4222807247285961	0.5861935293010826	Basal_M2	low
841.0	60	1	0.49583317489792533	0.041953604350195614	0.41360411037154193	0.5780622394243087	Basal_M2	low
863.0	58	1	0.48728432705485764	0.04209225123449488	0.40478351463524764	0.5697851394744676	Basal_M2	low
898.0	54	1	0.4782605432205084	0.042268963750249015	0.3954133742700204	0.5611077121709965	Basal_M2	low
942.0	52	1	0.4690632250816525	0.04244492981461549	0.3858711626450061	0.5522552875182989	Basal_M2	low
993.0	51	1	0.45986590694279655	0.042597498147852256	0.37637481057300615	0.543357003312587	Basal_M2	low
1016.0	49	1	0.4504808884337599	0.04274950886976482	0.36669185104902086	0.534269925818499	Basal_M2	low
1117.0	43	1	0.44000458870274217	0.04301986055248272	0.35568566201987606	0.5243235153856083	Basal_M2	low
1187.0	39	1	0.4287224197616462	0.043370965031420745	0.3437153283000616	0.5137295112232309	Basal_M2	low
1202.0	37	1	0.4171353273356558	0.0437192040798246	0.33144568733919955	0.502824967332112	Basal_M2	low
1250.0	35	1	0.4052171751260656	0.04406463469745635	0.31885049111905117	0.49158385913308	Basal_M2	low
1308.0	34	1	0.3932990229164754	0.0443510896479968	0.30637088720640165	0.48022715862654913	Basal_M2	low
1317.0	33	1	0.38138087070688526	0.044579705822341144	0.2940046472950966	0.4687570941186739	Basal_M2	low
1363.0	31	1	0.3690782619744051	0.04480707334848849	0.2812563982113676	0.45690012573744254	Basal_M2	low
1607.0	27	1	0.3554086967160938	0.04518459513556729	0.26684689025038194	0.4439705031818057	Basal_M2	low
1646.0	26	1	0.3417391314577825	0.04546744125427347	0.25262294659940654	0.4308553163161585	Basal_M2	low
1715.0	24	1	0.3275000009803749	0.04574831188455388	0.23783330968664929	0.4171666922741005	Basal_M2	low
1732.0	23	1	0.3132608705029673	0.04592178002549284	0.22325418165300134	0.40326755935293324	Basal_M2	low
1777.0	22	1	0.2990217400255597	0.04598906104152188	0.2088831803841768	0.3891602996669426	Basal_M2	low
1931.0	19	1	0.283283753708425	0.04618300257081714	0.19276506866962342	0.37380243874722663	Basal_M2	low
1974.0	18	1	0.26754576739129027	0.046221111105142064	0.17695238962521181	0.3581391451573687	Basal_M2	low
2244.0	14	1	0.24843535543476955	0.04670346782289442	0.1568965585018965	0.3399741523676426	Basal_M2	low
2694.0	12	1	0.22773240914853873	0.04717753590307793	0.135264438778506	0.3202003795185715	Basal_M2	low
2752.0	11	1	0.20702946286230794	0.0472131887067518	0.11449161299707442	0.29956731272754145	Basal_M2	low
2831.0	9	1	0.18402618921094038	0.04723990454929376	0.09143597629432461	0.27661640212755617	Basal_M2	low
3190.0	6	1	0.15335515767578367	0.04830791855050985	0.05867163731678436	0.24803867803478297	Basal_M2	low
3263.0	5	1	0.12268412614062695	0.04739313174861298	0.029793587913345507	0.2155746643679084	Basal_M2	low
3544.0	4	1	0.0920130946054702	0.04437308202731093	0.005041853831940779	0.17898433537899963	Basal_M2	low
